MunicipalityNumber,MunicipalityName,Canton,Country,Scenario1,Scenario3
1,Aeugst am Albis,Zürich,CH,13.43,18.06
2,Affoltern am Albis,Zürich,CH,50.06,69.25
3,Bonstetten,Zürich,CH,19.66,26.72
4,Hausen am Albis,Zürich,CH,23.67,32.61
5,Hedingen,Zürich,CH,19.14,25.68
6,Kappel am Albis,Zürich,CH,9.47,12.45
7,Knonau,Zürich,CH,13.18,17.83
8,Maschwanden,Zürich,CH,6.12,7.94
9,Mettmenstetten,Zürich,CH,30.41,41.17
10,Obfelden,Zürich,CH,24.82,34.26
11,Ottenbach,Zürich,CH,15.96,21.53
12,Rifferswil,Zürich,CH,9.55,12.52
13,Stallikon,Zürich,CH,16.73,22.02
14,Wettswil am Albis,Zürich,CH,19.45,26.06
21,Adlikon,Zürich,CH,7.06,9.21
22,Benken (ZH),Zürich,CH,8.9,11.1
23,Berg am Irchel,Zürich,CH,6.1,7.67
24,Buch am Irchel,Zürich,CH,9.65,12.4
25,Dachsen,Zürich,CH,10.66,13.98
26,Dorf,Zürich,CH,5.12,6.72
27,Feuerthalen,Zürich,CH,15.51,21.41
28,Flaach,Zürich,CH,12.91,16.39
29,Flurlingen,Zürich,CH,8.85,10.93
30,Andelfingen,Zürich,CH,16.54,21.11
31,Henggart,Zürich,CH,10.54,14.29
32,Humlikon,Zürich,CH,4.04,5.21
33,Kleinandelfingen,Zürich,CH,16.5,22.32
34,Laufen-Uhwiesen,Zürich,CH,11.35,15.04
35,Marthalen,Zürich,CH,22.02,28.09
37,Ossingen,Zürich,CH,16.18,20.53
38,Rheinau,Zürich,CH,12.05,15.9
39,Thalheim an der Thur,Zürich,CH,8.94,11.52
40,Trüllikon,Zürich,CH,11.37,14.6
41,Truttikon,Zürich,CH,4.98,6.77
43,Volken,Zürich,CH,3.3,4.26
51,Bachenbülach,Zürich,CH,20.79,26.29
52,Bassersdorf,Zürich,CH,37.67,53.39
53,Bülach,Zürich,CH,70.63,94.33
54,Dietlikon,Zürich,CH,38.14,49.78
55,Eglisau,Zürich,CH,23.49,31.3
56,Embrach,Zürich,CH,45.23,57.34
57,Freienstein-Teufen,Zürich,CH,11.57,15.91
58,Glattfelden,Zürich,CH,21.15,28.69
59,Hochfelden,Zürich,CH,9.85,12.63
60,Höri,Zürich,CH,14.91,19.6
61,Hüntwangen,Zürich,CH,8.3,10.97
62,Kloten,Zürich,CH,113.84,141.9
63,Lufingen,Zürich,CH,9.88,13.15
64,Nürensdorf,Zürich,CH,30.35,40.3
65,Oberembrach,Zürich,CH,10.21,13.3
66,Opfikon,Zürich,CH,50.91,71.46
67,Rafz,Zürich,CH,29.73,38.62
68,Rorbas,Zürich,CH,10.02,13.38
69,Wallisellen,Zürich,CH,61.57,82.58
70,Wasterkingen,Zürich,CH,3.98,4.99
71,Wil (ZH),Zürich,CH,13.59,17.67
72,Winkel,Zürich,CH,19.91,26.24
81,Bachs,Zürich,CH,6.92,8.76
82,Boppelsen,Zürich,CH,8.46,10.89
83,Buchs (ZH),Zürich,CH,33.08,43.47
84,Dällikon,Zürich,CH,24.21,31.25
85,Dänikon,Zürich,CH,7.52,10.05
86,Dielsdorf,Zürich,CH,33.18,43.44
87,Hüttikon,Zürich,CH,3.74,4.96
88,Neerach,Zürich,CH,16.6,21.99
89,Niederglatt,Zürich,CH,19.21,26.14
90,Niederhasli,Zürich,CH,39.68,52.73
91,Niederweningen,Zürich,CH,16.29,21.67
92,Oberglatt,Zürich,CH,23.12,31.98
93,Oberweningen,Zürich,CH,8.46,11.49
94,Otelfingen,Zürich,CH,29.4,35.83
95,Regensberg,Zürich,CH,2.24,2.75
96,Regensdorf,Zürich,CH,87.36,114.31
97,Rümlang,Zürich,CH,48.9,62.33
98,Schleinikon,Zürich,CH,5.81,7.59
99,Schöfflisdorf,Zürich,CH,7.93,10.36
100,Stadel,Zürich,CH,17.97,22.55
101,Steinmaur,Zürich,CH,21.28,27.75
102,Weiach,Zürich,CH,9.9,12.91
111,Bäretswil,Zürich,CH,33.47,45.95
112,Bubikon,Zürich,CH,43.04,58.26
113,Dürnten,Zürich,CH,36.61,50.22
114,Fischenthal,Zürich,CH,17.45,24.38
115,Gossau (ZH),Zürich,CH,49.79,68.3
116,Grüningen,Zürich,CH,22.26,29.92
117,Hinwil,Zürich,CH,84.82,109.86
118,Rüti (ZH),Zürich,CH,48.81,67.97
119,Seegräben,Zürich,CH,8.71,11.51
120,Wald (ZH),Zürich,CH,53.58,74.53
121,Wetzikon (ZH),Zürich,CH,94.35,132.66
131,Adliswil,Zürich,CH,46.76,67.34
135,Kilchberg (ZH),Zürich,CH,24.25,32.85
136,Langnau am Albis,Zürich,CH,24.14,33.07
137,Oberrieden,Zürich,CH,13.7,18.61
138,Richterswil,Zürich,CH,41.77,58.58
139,Rüschlikon,Zürich,CH,19.38,25.85
141,Thalwil,Zürich,CH,41.82,58.03
151,Erlenbach (ZH),Zürich,CH,19.9,27.47
152,Herrliberg,Zürich,CH,27.71,38.91
153,Hombrechtikon,Zürich,CH,40.46,55.6
154,Küsnacht (ZH),Zürich,CH,53.75,74.06
155,Männedorf,Zürich,CH,32.3,47.2
156,Meilen,Zürich,CH,48.98,68.36
157,Oetwil am See,Zürich,CH,24.1,32.33
158,Stäfa,Zürich,CH,49.49,68.31
159,Uetikon am See,Zürich,CH,23.46,32.49
160,Zumikon,Zürich,CH,22.75,31.37
161,Zollikon,Zürich,CH,38.29,53.08
172,Fehraltorf,Zürich,CH,34.51,45.77
173,Hittnau,Zürich,CH,22.99,29.93
176,Lindau,Zürich,CH,31.7,42.56
177,Pfäffikon,Zürich,CH,55.28,75.13
178,Russikon,Zürich,CH,27.32,36.66
180,Weisslingen,Zürich,CH,20.77,27.07
181,Wila,Zürich,CH,13.74,18.09
182,Wildberg,Zürich,CH,10.17,13.48
191,Dübendorf,Zürich,CH,91.84,126.58
192,Egg,Zürich,CH,39.34,52.99
193,Fällanden,Zürich,CH,28.18,38.37
194,Greifensee,Zürich,CH,13.45,18.19
195,Maur,Zürich,CH,41.12,54.29
196,Mönchaltorf,Zürich,CH,21.31,28.39
197,Schwerzenbach,Zürich,CH,18.4,24.85
198,Uster,Zürich,CH,121.41,169.68
199,Volketswil,Zürich,CH,81.94,107.04
200,Wangen-Brüttisellen,Zürich,CH,37.66,48.71
211,Altikon,Zürich,CH,8.9,11.56
213,Brütten,Zürich,CH,13.87,18.27
214,Dägerlen,Zürich,CH,9.12,11.84
215,Dättlikon,Zürich,CH,4.58,6.29
216,Dinhard,Zürich,CH,12.22,15.94
218,Ellikon an der Thur,Zürich,CH,17.58,20.4
219,Elsau,Zürich,CH,20.23,27.46
220,Hagenbuch,Zürich,CH,9.24,12.44
221,Hettlingen,Zürich,CH,15.93,21.65
223,Neftenbach,Zürich,CH,37.25,48.77
224,Pfungen,Zürich,CH,19.83,25.88
225,Rickenbach (ZH),Zürich,CH,16.64,22.29
226,Schlatt (ZH),Zürich,CH,6.73,8.84
227,Seuzach,Zürich,CH,31.5,43.25
228,Turbenthal,Zürich,CH,26.21,35.65
230,Winterthur,Zürich,CH,356.4,485.22
231,Zell (ZH),Zürich,CH,26.65,36.47
241,Aesch (ZH),Zürich,CH,9.01,11.49
242,Birmensdorf (ZH),Zürich,CH,28.94,39.27
243,Dietikon,Zürich,CH,84.98,113.84
244,Geroldswil,Zürich,CH,15.1,21.46
245,Oberengstringen,Zürich,CH,15.29,23.08
246,Oetwil an der Limmat,Zürich,CH,8.13,11.68
247,Schlieren,Zürich,CH,66.06,82.58
248,Uitikon,Zürich,CH,18.72,25.48
249,Unterengstringen,Zürich,CH,14.27,19.4
250,Urdorf,Zürich,CH,38.56,47.95
251,Weiningen (ZH),Zürich,CH,17.49,23.87
261,Zürich,Zürich,CH,865.54,1215.29
292,Stammheim,Zürich,CH,34.51,43.51
293,Wädenswil,Zürich,CH,96.35,134.07
294,Elgg,Zürich,CH,35.43,45.37
295,Horgen,Zürich,CH,72.49,101.42
296,Illnau-Effretikon,Zürich,CH,73.85,99.48
297,Bauma,Zürich,CH,32.51,43.12
298,Wiesendangen,Zürich,CH,38.77,51.41
301,Aarberg,Bern,CH,35.55,45.03
302,Bargen (BE),Bern,CH,12.36,15.75
303,Grossaffoltern,Bern,CH,31.47,40.54
304,Kallnach,Bern,CH,30.26,37.76
305,Kappelen,Bern,CH,18.28,23.26
306,Lyss,Bern,CH,88.8,114.44
307,Meikirch,Bern,CH,19.87,26.43
309,Radelfingen,Bern,CH,16.06,20.73
310,Rapperswil (BE),Bern,CH,35.7,44.56
311,Schüpfen,Bern,CH,34.87,44.27
312,Seedorf (BE),Bern,CH,34.39,43.8
321,Aarwangen,Bern,CH,28.96,38.1
322,Auswil,Bern,CH,6.54,8.05
323,Bannwil,Bern,CH,7.81,9.9
324,Bleienbach,Bern,CH,9.95,12.33
325,Busswil bei Melchnau,Bern,CH,2.92,3.82
326,Gondiswil,Bern,CH,10.87,13.75
329,Langenthal,Bern,CH,99.91,128.64
331,Lotzwil,Bern,CH,19.2,25.47
332,Madiswil,Bern,CH,35.77,46.36
333,Melchnau,Bern,CH,16.02,20.83
334,Obersteckholz,Bern,CH,5.31,6.83
335,Oeschenbach,Bern,CH,3.86,4.74
336,Reisiswil,Bern,CH,2.09,2.75
337,Roggwil (BE),Bern,CH,32.99,41.92
338,Rohrbach,Bern,CH,14.69,18.08
339,Rohrbachgraben,Bern,CH,5.8,7.22
340,Rütschelen,Bern,CH,5.66,7.32
341,Schwarzhäusern,Bern,CH,5.14,6.69
342,Thunstetten,Bern,CH,33.48,42.74
344,Ursenbach,Bern,CH,10.82,13.69
345,Wynau,Bern,CH,12.04,16.04
351,Bern,Bern,CH,436.35,592.33
352,Bolligen,Bern,CH,33.63,43.87
353,Bremgarten bei Bern,Bern,CH,17.08,24.33
354,Kirchlindach,Bern,CH,23.43,31.5
355,Köniz,Bern,CH,169.35,232.49
356,Muri bei Bern,Bern,CH,55.64,70.19
357,Oberbalm,Bern,CH,12.26,16.59
358,Stettlen,Bern,CH,17.18,21.62
359,Vechigen,Bern,CH,38.87,51.78
360,Wohlen bei Bern,Bern,CH,60.57,82.19
361,Zollikofen,Bern,CH,44.3,64.69
362,Ittigen,Bern,CH,44.18,61.78
363,Ostermundigen,Bern,CH,50.97,69.42
371,Biel/Bienne,Bern,CH,192.35,253.33
372,Evilard,Bern,CH,14.3,19.38
381,Arch,Bern,CH,12.25,15.7
382,Büetigen,Bern,CH,9.01,11.03
383,Büren an der Aare,Bern,CH,27.78,34.86
385,Diessbach bei Büren,Bern,CH,11.84,14.54
386,Dotzigen,Bern,CH,12.78,16.54
387,Lengnau (BE),Bern,CH,27.13,37.04
388,Leuzigen,Bern,CH,13.7,17.24
389,Meienried,Bern,CH,1.02,1.32
390,Meinisberg,Bern,CH,10.95,14.01
391,Oberwil bei Büren,Bern,CH,9.74,12.4
392,Pieterlen,Bern,CH,23.4,31.27
393,Rüti bei Büren,Bern,CH,10.8,13.32
394,Wengi,Bern,CH,9.39,12
401,Aefligen,Bern,CH,9.68,12.32
402,Alchenstorf,Bern,CH,7.57,9.66
403,Bäriswil,Bern,CH,6.57,8.57
404,Burgdorf,Bern,CH,101.21,126.46
405,Ersigen,Bern,CH,22.8,28.41
406,Hasle bei Burgdorf,Bern,CH,31.05,42.62
407,Heimiswil,Bern,CH,20.04,29.55
408,Hellsau,Bern,CH,2.35,2.9
409,Hindelbank,Bern,CH,17.75,22.62
410,Höchstetten,Bern,CH,3.84,4.71
411,Kernenried,Bern,CH,5.72,7.16
412,Kirchberg (BE),Bern,CH,40.3,50.55
413,Koppigen,Bern,CH,20.54,25.86
414,Krauchthal,Bern,CH,19.79,25.64
415,Lyssach,Bern,CH,21.53,25.63
416,Mötschwil,Bern,CH,2.4,2.88
418,Oberburg,Bern,CH,23,29.01
420,Rüdtligen-Alchenflüh,Bern,CH,16.94,21.15
421,Rumendingen,Bern,CH,2.6,3.12
422,Rüti bei Lyssach,Bern,CH,1.84,2.28
423,Willadingen,Bern,CH,2.82,3.36
424,Wynigen,Bern,CH,23.37,32.25
431,Corgémont,Bern,CH,16.11,21.81
432,Cormoret,Bern,CH,5.72,7.82
433,Cortébert,Bern,CH,7.52,9.84
434,Courtelary,Bern,CH,14.44,19.42
435,La Ferrière,Bern,CH,8.47,11.76
437,Mont-Tramelan,Bern,CH,2.95,3.75
438,Orvin,Bern,CH,12.07,15.49
441,Renan (BE),Bern,CH,9.12,12.5
442,Romont (BE),Bern,CH,2.2,2.93
443,Saint-Imier,Bern,CH,26.56,38.29
444,Sonceboz-Sombeval,Bern,CH,14.46,19.19
445,Sonvilier,Bern,CH,14.23,19.94
446,Tramelan,Bern,CH,35.38,48.49
448,Villeret,Bern,CH,8.69,11.95
449,Sauge,Bern,CH,7.94,10.41
450,Péry-La Heutte,Bern,CH,13.36,17.89
491,Brüttelen,Bern,CH,9.14,11.36
492,Erlach,Bern,CH,10.06,12.55
493,Finsterhennen,Bern,CH,6.47,8.22
494,Gals,Bern,CH,12.15,14.88
495,Gampelen,Bern,CH,15.46,19.03
496,Ins,Bern,CH,37.62,47.71
497,Lüscherz,Bern,CH,5.34,6.69
498,Müntschemier,Bern,CH,24.21,29.19
499,Siselen,Bern,CH,8.08,10.24
500,Treiten,Bern,CH,5.64,7.28
501,Tschugg,Bern,CH,5.22,6.88
502,Vinelz,Bern,CH,9.52,11.7
533,Bätterkinden,Bern,CH,30.23,37.16
535,Deisswil bei Münchenbuchsee,Bern,CH,2.56,3.11
536,Diemerswil,Bern,CH,3.57,4.52
538,Fraubrunnen,Bern,CH,49.77,61.9
540,Jegenstorf,Bern,CH,34.73,44.13
541,Iffwil,Bern,CH,5.11,6.41
543,Mattstetten,Bern,CH,5.31,6.4
544,Moosseedorf,Bern,CH,30.03,36.91
546,Münchenbuchsee,Bern,CH,50.46,67.59
551,Urtenen-Schönbühl,Bern,CH,27.86,36.9
552,Utzenstorf,Bern,CH,43.76,53.73
553,Wiggiswil,Bern,CH,1.82,2.1
554,Wiler bei Utzenstorf,Bern,CH,9.43,11.93
556,Zielebach,Bern,CH,3.36,4.22
557,Zuzwil (BE),Bern,CH,5.75,7.45
561,Adelboden,Bern,CH,44.07,62.62
562,Aeschi bei Spiez,Bern,CH,24.38,32.83
563,Frutigen,Bern,CH,65.62,88.07
564,Kandergrund,Bern,CH,8.88,11.21
565,Kandersteg,Bern,CH,13.64,18.2
566,Krattigen,Bern,CH,7.62,9.94
567,Reichenbach im Kandertal,Bern,CH,45.6,60.24
571,Beatenberg,Bern,CH,16.74,22.71
572,Bönigen,Bern,CH,14.56,18.11
573,Brienz (BE),Bern,CH,33.12,43.85
574,Brienzwiler,Bern,CH,6.35,8.29
575,Därligen,Bern,CH,2.18,2.77
576,Grindelwald,Bern,CH,65.18,90.98
577,Gsteigwiler,Bern,CH,3.25,4.3
578,Gündlischwand,Bern,CH,2.49,3.27
579,Habkern,Bern,CH,14.11,18.84
580,Hofstetten bei Brienz,Bern,CH,7.55,10.29
581,Interlaken,Bern,CH,34.17,42.74
582,Iseltwald,Bern,CH,4.07,4.97
584,Lauterbrunnen,Bern,CH,30.91,43.42
585,Leissigen,Bern,CH,5.96,7.59
586,Lütschental,Bern,CH,2.23,3.09
587,Matten bei Interlaken,Bern,CH,21.89,28.49
588,Niederried bei Interlaken,Bern,CH,3.17,4.41
589,Oberried am Brienzersee,Bern,CH,5.68,7.85
590,Ringgenberg (BE),Bern,CH,18.36,23.57
591,Saxeten,Bern,CH,1.89,2.53
592,Schwanden bei Brienz,Bern,CH,5.99,8.2
593,Unterseen,Bern,CH,29.98,39.04
594,Wilderswil,Bern,CH,18.56,23.35
602,Arni (BE),Bern,CH,12.07,15.68
603,Biglen,Bern,CH,16.64,21.52
605,Bowil,Bern,CH,13.8,17.43
606,Brenzikofen,Bern,CH,4.51,5.68
607,Freimettigen,Bern,CH,3.68,4.67
608,Grosshöchstetten,Bern,CH,26.05,35.57
609,Häutligen,Bern,CH,3.06,3.79
610,Herbligen,Bern,CH,5.39,7.13
611,Kiesen,Bern,CH,8.1,10.54
612,Konolfingen,Bern,CH,38.16,52.17
613,Landiswil,Bern,CH,8.93,11.35
614,Linden,Bern,CH,15.83,20.39
615,Mirchel,Bern,CH,5.21,6.81
616,Münsingen,Bern,CH,66.11,89.48
617,Niederhünigen,Bern,CH,4.78,6.25
619,Oberdiessbach,Bern,CH,28.88,37.42
620,Oberthal,Bern,CH,9.92,12.79
622,Oppligen,Bern,CH,5.34,7.3
623,Rubigen,Bern,CH,18.92,25.2
626,Walkringen,Bern,CH,19.2,24.56
627,Worb,Bern,CH,65.09,88.33
628,Zäziwil,Bern,CH,12.5,16.54
629,Oberhünigen,Bern,CH,3.23,4.18
630,Allmendingen,Bern,CH,5.81,7.16
632,Wichtrach,Bern,CH,27.27,36.22
661,Clavaleyres,Bern,CH,0.94,1.26
662,Ferenbalm,Bern,CH,15.9,20.2
663,Frauenkappelen,Bern,CH,11.95,15.61
665,Gurbrü,Bern,CH,3.89,5.07
666,Kriechenwil,Bern,CH,5.36,7.18
667,Laupen,Bern,CH,19.31,25.11
668,Mühleberg,Bern,CH,38.81,50.11
669,Münchenwiler,Bern,CH,5.56,7.07
670,Neuenegg,Bern,CH,44.88,60.79
671,Wileroltigen,Bern,CH,4.72,6.05
681,Belprahon,Bern,CH,3.09,3.96
683,Champoz,Bern,CH,2.48,3.07
687,Corcelles (BE),Bern,CH,2.96,3.77
690,Court,Bern,CH,13.24,16.73
691,Crémines,Bern,CH,6.25,7.99
692,Eschert,Bern,CH,3.25,4.2
694,Grandval,Bern,CH,4.07,5.16
696,Loveresse,Bern,CH,3.79,5.02
700,Moutier,Bern,CH,37.56,48.8
701,Perrefitte,Bern,CH,4,5.17
703,Reconvilier,Bern,CH,18.73,23.86
704,Roches (BE),Bern,CH,1.69,2.2
706,Saicourt,Bern,CH,8.27,10.88
707,Saules (BE),Bern,CH,2.08,2.63
708,Schelten,Bern,CH,0.64,0.87
709,Seehof,Bern,CH,1.44,1.87
711,Sorvilier,Bern,CH,3.51,4.62
713,Tavannes,Bern,CH,23.02,30.17
715,Rebévelier,Bern,CH,1.17,1.54
716,Petit-Val,Bern,CH,8.62,10.91
717,Valbirse,Bern,CH,31.07,41.25
723,La Neuveville,Bern,CH,18.03,23.02
724,Nods,Bern,CH,11.13,14.53
726,Plateau de Diesse,Bern,CH,22.26,28.92
731,Aegerten,Bern,CH,10.85,14.26
732,Bellmund,Bern,CH,9.28,12.32
733,Brügg,Bern,CH,33.19,42.52
734,Bühl,Bern,CH,5.51,7.11
735,Epsach,Bern,CH,3.79,4.73
736,Hagneck,Bern,CH,3.86,4.96
737,Hermrigen,Bern,CH,3.41,4.49
738,Jens,Bern,CH,7.02,9.1
739,Ipsach,Bern,CH,14.56,20.11
740,Ligerz,Bern,CH,3.44,4.34
741,Merzligen,Bern,CH,3.8,4.91
742,Mörigen,Bern,CH,6.76,8.45
743,Nidau,Bern,CH,21.92,29.13
744,Orpund,Bern,CH,14.88,20.19
745,Port,Bern,CH,16.64,22.1
746,Safnern,Bern,CH,15.09,19.76
747,Scheuren,Bern,CH,4.95,6.31
748,Schwadernau,Bern,CH,7.76,9.63
749,Studen (BE),Bern,CH,19.61,25.13
750,Sutz-Lattrigen,Bern,CH,10.96,13.94
751,Täuffelen,Bern,CH,18.17,24.42
754,Walperswil,Bern,CH,11.1,13.97
755,Worben,Bern,CH,16.46,21.28
756,Twann-Tüscherz,Bern,CH,8.8,11.02
761,Därstetten,Bern,CH,15.7,20.23
762,Diemtigen,Bern,CH,39.29,50.71
763,Erlenbach im Simmental,Bern,CH,28.04,36.54
766,Oberwil im Simmental,Bern,CH,21.39,28.2
767,Reutigen,Bern,CH,8.65,10.34
768,Spiez,Bern,CH,65.57,83.41
769,Wimmis,Bern,CH,20.28,26.03
770,Stocken-Höfen,Bern,CH,7.94,9.69
782,Guttannen,Bern,CH,4.11,5.66
783,Hasliberg,Bern,CH,27.18,37.72
784,Innertkirchen,Bern,CH,15.8,21.02
785,Meiringen,Bern,CH,34.82,47.2
786,Schattenhalb,Bern,CH,5.75,7.58
791,Boltigen,Bern,CH,29.98,39.42
792,Lenk,Bern,CH,50.89,69.21
793,St. Stephan,Bern,CH,24.37,32.55
794,Zweisimmen,Bern,CH,46.3,61.06
841,Gsteig,Bern,CH,18.2,24.75
842,Lauenen,Bern,CH,15.14,20.94
843,Saanen,Bern,CH,115.01,153.39
852,Guggisberg,Bern,CH,26.32,35.55
853,Rüschegg,Bern,CH,20.18,27.2
855,Schwarzenburg,Bern,CH,71.67,95.99
861,Belp,Bern,CH,61.92,77.35
863,Burgistein,Bern,CH,11.64,15.32
866,Gerzensee,Bern,CH,10.78,14.17
867,Gurzelen,Bern,CH,8.32,10.81
868,Jaberg,Bern,CH,2.66,3.44
869,Kaufdorf,Bern,CH,6.8,8.91
870,Kehrsatz,Bern,CH,17.03,22.66
872,Kirchdorf (BE),Bern,CH,20,25.99
873,Kirchenthurnen,Bern,CH,2.57,3.36
874,Lohnstorf,Bern,CH,2.68,3.54
876,Mühlethurnen,Bern,CH,10.03,13.39
877,Niedermuhlern,Bern,CH,8.02,10.74
879,Riggisberg,Bern,CH,27.35,36.24
880,Rüeggisberg,Bern,CH,28.99,38.42
881,Rümligen,Bern,CH,5.08,6.68
883,Seftigen,Bern,CH,16.08,20.95
884,Toffen,Bern,CH,17.21,21.42
885,Uttigen,Bern,CH,14.07,18.23
886,Wattenwil,Bern,CH,18.63,23.76
888,Wald (BE),Bern,CH,17.29,23.11
901,Eggiwil,Bern,CH,29.46,37.48
902,Langnau im Emmental,Bern,CH,70.61,91.5
903,Lauperswil,Bern,CH,31.39,39.83
904,Röthenbach im Emmental,Bern,CH,15.47,19.59
905,Rüderswil,Bern,CH,25.28,32
906,Schangnau,Bern,CH,12.31,16.42
907,Signau,Bern,CH,27.76,35.41
908,Trub,Bern,CH,17.64,22.89
909,Trubschachen,Bern,CH,11.23,14.37
921,Amsoldingen,Bern,CH,5.86,7.31
922,Blumenstein,Bern,CH,10.31,12.17
923,Buchholterberg,Bern,CH,18.69,24.33
924,Eriz,Bern,CH,6.19,8.41
925,Fahrni,Bern,CH,9.07,12.11
927,Heiligenschwendi,Bern,CH,6.12,8.42
928,Heimberg,Bern,CH,34.45,46.31
929,Hilterfingen,Bern,CH,16.5,23.27
931,Homberg,Bern,CH,5.81,7.5
932,Horrenbach-Buchen,Bern,CH,3.95,5.12
934,Oberhofen am Thunersee,Bern,CH,12.35,16.61
935,Oberlangenegg,Bern,CH,6.52,8.71
936,Pohlern,Bern,CH,2.13,2.76
937,Schwendibach,Bern,CH,1.97,2.52
938,Sigriswil,Bern,CH,41.49,55.44
939,Steffisburg,Bern,CH,75.2,99.94
940,Teuffenthal (BE),Bern,CH,2.36,3.13
941,Thierachern,Bern,CH,14.78,19.47
942,Thun,Bern,CH,201.28,267.72
943,Uebeschi,Bern,CH,6.68,8.67
944,Uetendorf,Bern,CH,48.86,62.83
945,Unterlangenegg,Bern,CH,11.21,14.57
946,Wachseldorn,Bern,CH,3.6,4.73
947,Zwieselberg,Bern,CH,3.48,4.27
948,Forst-Längenbühl,Bern,CH,7.1,9.48
951,Affoltern im Emmental,Bern,CH,16.84,21.33
952,Dürrenroth,Bern,CH,16.64,20.56
953,Eriswil,Bern,CH,13.76,17.44
954,Huttwil,Bern,CH,48.33,60.54
955,Lützelflüh,Bern,CH,43.14,59
956,Rüegsau,Bern,CH,26.71,41.04
957,Sumiswald,Bern,CH,56.66,72.89
958,Trachselwald,Bern,CH,12.96,16.78
959,Walterswil (BE),Bern,CH,8.51,10.53
960,Wyssachen,Bern,CH,14.96,18.59
971,Attiswil,Bern,CH,13.45,18.01
972,Berken,Bern,CH,1.22,1.6
973,Bettenhausen,Bern,CH,6.32,8.4
975,Farnern,Bern,CH,2.89,3.91
976,Graben,Bern,CH,3.39,4.42
977,Heimenhausen,Bern,CH,10.48,13.77
979,Herzogenbuchsee,Bern,CH,47,60.92
980,Inkwil,Bern,CH,6.22,8.35
981,Niederbipp,Bern,CH,60.31,72.83
982,Niederönz,Bern,CH,13.67,17.66
983,Oberbipp,Bern,CH,18.97,23.41
985,Ochlenberg,Bern,CH,10.01,12.22
987,Rumisberg,Bern,CH,4.91,6.63
988,Seeberg,Bern,CH,19.18,23.98
989,Thörigen,Bern,CH,10.65,13.72
990,Walliswil bei Niederbipp,Bern,CH,2.71,3.7
991,Walliswil bei Wangen,Bern,CH,5.92,7.68
992,Wangen an der Aare,Bern,CH,20.75,26.62
993,Wangenried,Bern,CH,4.12,5.48
995,Wiedlisbach,Bern,CH,23.6,29.4
996,Wolfisberg,Bern,CH,2.3,3
1001,Doppleschwand,Luzern,CH,6.06,8.33
1002,Entlebuch,Luzern,CH,34.03,45.89
1004,Flühli,Luzern,CH,27.41,39.07
1005,Hasle (LU),Luzern,CH,18.1,24.96
1007,Romoos,Luzern,CH,9.63,13.12
1008,Schüpfheim,Luzern,CH,37.34,51.89
1009,Werthenstein,Luzern,CH,21.05,27.53
1010,Escholzmatt-Marbach,Luzern,CH,46.76,63.37
1021,Aesch (LU),Luzern,CH,12.87,16.44
1022,Altwis,Luzern,CH,6.99,8.54
1023,Ballwil,Luzern,CH,23.03,31.43
1024,Emmen,Luzern,CH,128.2,171.7
1025,Ermensee,Luzern,CH,9.77,12.66
1026,Eschenbach (LU),Luzern,CH,27.53,37.97
1030,Hitzkirch,Luzern,CH,48.06,62.96
1031,Hochdorf,Luzern,CH,59.01,78.34
1032,Hohenrain,Luzern,CH,31.9,42.86
1033,Inwil,Luzern,CH,24.49,32.1
1037,Rain,Luzern,CH,21.19,28.94
1039,Römerswil,Luzern,CH,23.37,30.46
1040,Rothenburg,Luzern,CH,55.59,72.98
1041,Schongau,Luzern,CH,15.7,20.71
1051,Adligenswil,Luzern,CH,23.75,32.59
1052,Buchrain,Luzern,CH,25.12,35.04
1053,Dierikon,Luzern,CH,13.02,16.09
1054,Ebikon,Luzern,CH,47.18,64.93
1055,Gisikon,Luzern,CH,5.28,7.12
1056,Greppen,Luzern,CH,4.83,6.07
1057,Honau,Luzern,CH,2.87,3.7
1058,Horw,Luzern,CH,40.98,56.52
1059,Kriens,Luzern,CH,78.95,111.3
1061,Luzern,Luzern,CH,197.35,272.39
1062,Malters,Luzern,CH,47.92,63.47
1063,Meggen,Luzern,CH,29.71,41.49
1064,Meierskappel,Luzern,CH,11.42,15.24
1065,Root,Luzern,CH,36.48,46.91
1066,Schwarzenberg,Luzern,CH,13.32,17.89
1067,Udligenswil,Luzern,CH,14.95,20.43
1068,Vitznau,Luzern,CH,7.91,10.69
1069,Weggis,Luzern,CH,27.63,37.9
1081,Beromünster,Luzern,CH,68.97,90.15
1082,Büron,Luzern,CH,18.47,24.57
1083,Buttisholz,Luzern,CH,34.1,44.5
1084,Eich,Luzern,CH,12.41,16.65
1085,Geuensee,Luzern,CH,14.16,19.87
1086,Grosswangen,Luzern,CH,34.61,45.71
1088,Hildisrieden,Luzern,CH,19.75,26.4
1089,Knutwil,Luzern,CH,20.16,26.67
1091,Mauensee,Luzern,CH,10.77,14.03
1093,Neuenkirch,Luzern,CH,44.9,60.97
1094,Nottwil,Luzern,CH,23.05,30.62
1095,Oberkirch,Luzern,CH,25.42,34.19
1097,Rickenbach (LU),Luzern,CH,27.73,36.63
1098,Ruswil,Luzern,CH,65.56,86.46
1099,Schenkon,Luzern,CH,18.18,24.48
1100,Schlierbach,Luzern,CH,9.46,12.56
1102,Sempach,Luzern,CH,24.88,32.66
1103,Sursee,Luzern,CH,63.1,81.36
1104,Triengen,Luzern,CH,44.57,58.71
1107,Wolhusen,Luzern,CH,22.97,31
1121,Alberswil,Luzern,CH,7.07,9.2
1122,Altbüron,Luzern,CH,12.11,15.81
1123,Altishofen,Luzern,CH,18.94,23.16
1125,Dagmersellen,Luzern,CH,50.44,66.65
1126,Ebersecken,Luzern,CH,8.14,10.48
1127,Egolzwil,Luzern,CH,13.17,17.67
1128,Ettiswil,Luzern,CH,23.56,30.87
1129,Fischbach,Luzern,CH,9.26,11.75
1130,Gettnau,Luzern,CH,11.96,15.34
1131,Grossdietwil,Luzern,CH,11.51,15.04
1132,Hergiswil bei Willisau,Luzern,CH,20.31,25.96
1135,Luthern,Luzern,CH,18.91,23.7
1136,Menznau,Luzern,CH,36.61,45.35
1137,Nebikon,Luzern,CH,20.41,26.76
1139,Pfaffnau,Luzern,CH,29,37.34
1140,Reiden,Luzern,CH,56.78,74.17
1142,Roggliswil,Luzern,CH,7.83,10.36
1143,Schötz,Luzern,CH,34.09,44.58
1145,Ufhusen,Luzern,CH,13.48,16.87
1146,Wauwil,Luzern,CH,15.63,21.04
1147,Wikon,Luzern,CH,17.63,21.92
1150,Zell (LU),Luzern,CH,23.4,30.06
1151,Willisau,Luzern,CH,63.3,82.2
1201,Altdorf (UR),Uri,CH,40.98,54.8
1202,Andermatt,Uri,CH,17.36,25
1203,Attinghausen,Uri,CH,8.16,11.24
1204,Bauen,Uri,CH,1.13,1.58
1205,Bürglen (UR),Uri,CH,23.47,32.64
1206,Erstfeld,Uri,CH,15.05,20.55
1207,Flüelen,Uri,CH,7.9,10.21
1208,Göschenen,Uri,CH,3.75,4.94
1209,Gurtnellen,Uri,CH,5.17,7.27
1210,Hospental,Uri,CH,4.42,5.95
1211,Isenthal,Uri,CH,3.38,4.92
1212,Realp,Uri,CH,4.08,6.22
1213,Schattdorf,Uri,CH,30.61,40.19
1214,Seedorf (UR),Uri,CH,7.17,10.01
1215,Seelisberg,Uri,CH,6.35,9.08
1216,Silenen,Uri,CH,10.59,14.25
1217,Sisikon,Uri,CH,1.53,1.98
1218,Spiringen,Uri,CH,12.1,17.56
1219,Unterschächen,Uri,CH,8.51,12.13
1220,Wassen,Uri,CH,4.28,5.9
1301,Einsiedeln,Schwyz,CH,98.83,169.13
1311,Gersau,Schwyz,CH,11.9,17.21
1321,Feusisberg,Schwyz,CH,25.74,35.12
1322,Freienbach,Schwyz,CH,60.84,81.5
1323,Wollerau,Schwyz,CH,25.74,34.66
1331,Küssnacht (SZ),Schwyz,CH,68.34,91.7
1341,Altendorf,Schwyz,CH,33.9,45.52
1342,Galgenen,Schwyz,CH,24.72,33.81
1343,Innerthal,Schwyz,CH,2.34,3.36
1344,Lachen,Schwyz,CH,27.12,36
1345,Reichenburg,Schwyz,CH,18.63,25.46
1346,Schübelbach,Schwyz,CH,35.64,47.76
1347,Tuggen,Schwyz,CH,25.27,34.2
1348,Vorderthal,Schwyz,CH,7.07,9.96
1349,Wangen (SZ),Schwyz,CH,29.35,39.98
1361,Alpthal,Schwyz,CH,5.35,7.68
1362,Arth,Schwyz,CH,49.21,68.06
1363,Illgau,Schwyz,CH,5.27,8.09
1364,Ingenbohl,Schwyz,CH,36.89,51.04
1365,Lauerz,Schwyz,CH,5.54,7.69
1366,Morschach,Schwyz,CH,10.32,14.51
1367,Muotathal,Schwyz,CH,19.91,29.81
1368,Oberiberg,Schwyz,CH,9.95,14.89
1369,Riemenstalden,Schwyz,CH,1.04,1.44
1370,Rothenthurm,Schwyz,CH,19.45,28.18
1371,Sattel,Schwyz,CH,15.54,22.49
1372,Schwyz,Schwyz,CH,88.73,124.78
1373,Steinen,Schwyz,CH,19.75,28.39
1374,Steinerberg,Schwyz,CH,7.3,10.69
1375,Unteriberg,Schwyz,CH,15.89,23.44
1401,Alpnach,Obwalden,CH,39.09,52.56
1402,Engelberg,Obwalden,CH,28.5,43.55
1403,Giswil,Obwalden,CH,31.5,44.23
1404,Kerns,Obwalden,CH,41.82,58.5
1405,Lungern,Obwalden,CH,18.13,23.36
1406,Sachseln,Obwalden,CH,28.24,38.37
1407,Sarnen,Obwalden,CH,71.76,99.57
1501,Beckenried,Nidwalden,CH,12.03,15.76
1502,Buochs,Nidwalden,CH,22.37,29.21
1503,Dallenwil,Nidwalden,CH,11.08,15.22
1504,Emmetten,Nidwalden,CH,6.14,8.34
1505,Ennetbürgen,Nidwalden,CH,22.03,31.57
1506,Ennetmoos,Nidwalden,CH,12.82,17.53
1507,Hergiswil (NW),Nidwalden,CH,16.2,23.04
1508,Oberdorf (NW),Nidwalden,CH,17.68,24.12
1509,Stans,Nidwalden,CH,39.08,52.02
1510,Stansstad,Nidwalden,CH,14.22,19.63
1511,Wolfenschiessen,Nidwalden,CH,11.48,16.46
1630,Glarus Nord,Glarus,CH,109.84,144.28
1631,Glarus Süd,Glarus,CH,86.73,122.68
1632,Glarus,Glarus,CH,57.97,69.58
1701,Baar,Zug,CH,100.92,138.96
1702,Cham,Zug,CH,70.59,95.47
1703,Hünenberg,Zug,CH,48.39,65.53
1704,Menzingen,Zug,CH,32.51,44.4
1705,Neuheim,Zug,CH,15.06,20.12
1706,Oberägeri,Zug,CH,33.07,52.49
1707,Risch,Zug,CH,48.82,67.89
1708,Steinhausen,Zug,CH,36.81,50.54
1709,Unterägeri,Zug,CH,37.79,54.43
1710,Walchwil,Zug,CH,16.23,22.89
1711,Zug,Zug,CH,88.18,121.79
2008,Châtillon (FR),Fribourg,CH,3.32,4.39
2009,Cheiry,Fribourg,CH,6.44,8.56
2011,Cugy (FR),Fribourg,CH,17.9,24.31
2016,Fétigny,Fribourg,CH,8.83,11.77
2022,Gletterens,Fribourg,CH,9.82,12.87
2025,Lully (FR),Fribourg,CH,9.2,12
2027,Ménières,Fribourg,CH,6.39,8.97
2029,Montagny (FR),Fribourg,CH,23.47,31.34
2035,Nuvilly,Fribourg,CH,5.78,7.7
2038,Prévondavaux,Fribourg,CH,1.11,1.58
2041,Saint-Aubin (FR),Fribourg,CH,19.81,25.84
2043,Sévaz,Fribourg,CH,10.02,11.92
2044,Surpierre,Fribourg,CH,8.9,11.94
2045,Vallon,Fribourg,CH,4.84,6.51
2050,Les Montets,Fribourg,CH,16.4,22.07
2051,Delley-Portalban,Fribourg,CH,11.64,15.29
2053,Belmont-Broye,Fribourg,CH,59.07,75.11
2054,Estavayer,Fribourg,CH,80.74,105.65
2055,Cheyres-Châbles,Fribourg,CH,19.19,24.53
2061,Auboranges,Fribourg,CH,3.48,4.8
2063,Billens-Hennens,Fribourg,CH,8.19,11.04
2066,Chapelle (Glâne),Fribourg,CH,3.05,4.13
2067,Le Châtelard,Fribourg,CH,7.34,9.61
2068,Châtonnaye,Fribourg,CH,8.68,11.47
2072,Ecublens (FR),Fribourg,CH,5.92,8.03
2079,Grangettes,Fribourg,CH,3.34,4.45
2086,Massonnens,Fribourg,CH,6.8,9.04
2087,Mézières (FR),Fribourg,CH,12.77,16.79
2089,Montet (Glâne),Fribourg,CH,3.52,4.83
2096,Romont (FR),Fribourg,CH,49.5,63.16
2097,Rue,Fribourg,CH,18.24,24.41
2099,Siviriez,Fribourg,CH,31.46,41.61
2102,Ursy,Fribourg,CH,27.47,37.29
2111,Villaz-Saint-Pierre,Fribourg,CH,12.17,16.49
2113,Vuisternens-devant-Romont,Fribourg,CH,35.36,46.84
2114,Villorsonnens,Fribourg,CH,20.65,27.4
2115,Torny,Fribourg,CH,11.22,15.05
2116,La Folliaz,Fribourg,CH,12.16,16.39
2121,Haut-Intyamon,Fribourg,CH,20.99,28.08
2122,Pont-en-Ogoz,Fribourg,CH,18.7,25.05
2123,Botterens,Fribourg,CH,4.51,6.02
2124,Broc,Fribourg,CH,15.01,20.59
2125,Bulle,Fribourg,CH,127.95,172.5
2128,Châtel-sur-Montsalvens,Fribourg,CH,2.75,3.97
2129,Corbières,Fribourg,CH,9.51,11.93
2130,Crésuz,Fribourg,CH,4.52,6.3
2131,Echarlens,Fribourg,CH,8.02,10.79
2134,Grandvillard,Fribourg,CH,10.5,13.11
2135,Gruyères,Fribourg,CH,20.25,26.95
2137,Hauteville,Fribourg,CH,7,9.45
2138,Jaun,Fribourg,CH,11.61,15.49
2140,Marsens,Fribourg,CH,17.95,24.2
2143,Morlon,Fribourg,CH,3.94,5.68
2145,Le Pâquier (FR),Fribourg,CH,9.81,13.01
2147,Pont-la-Ville,Fribourg,CH,6.76,9.08
2148,Riaz,Fribourg,CH,18.78,25
2149,La Roche,Fribourg,CH,17.49,22.98
2152,Sâles,Fribourg,CH,24.91,32.81
2153,Sorens,Fribourg,CH,14.76,19.78
2155,Vaulruz,Fribourg,CH,14.13,19.53
2160,Vuadens,Fribourg,CH,26.69,34.96
2162,Bas-Intyamon,Fribourg,CH,15.86,19.76
2163,Val-de-Charmey,Fribourg,CH,30.68,41.57
2171,Arconciel,Fribourg,CH,7.83,10.61
2173,Autigny,Fribourg,CH,8.78,12.19
2174,Avry,Fribourg,CH,23.11,29.38
2175,Belfaux,Fribourg,CH,18.58,25.91
2177,Chénens,Fribourg,CH,7.15,10.21
2183,Corminboeuf,Fribourg,CH,19.27,25.78
2185,Corserey,Fribourg,CH,4.89,6.61
2186,Cottens (FR),Fribourg,CH,12.01,16.91
2189,Ependes (FR),Fribourg,CH,10.29,13.71
2194,Ferpicloz,Fribourg,CH,2.77,3.64
2196,Fribourg,Fribourg,CH,105.92,151.71
2197,Givisiez,Fribourg,CH,33.02,42.46
2198,Granges-Paccot,Fribourg,CH,25.45,33.81
2200,Grolley,Fribourg,CH,17.19,22.81
2206,Marly,Fribourg,CH,39.95,56.1
2208,Matran,Fribourg,CH,18.82,23.16
2211,Neyruz (FR),Fribourg,CH,14.08,20.03
2213,Noréaz,Fribourg,CH,8.1,10.81
2216,Pierrafortscha,Fribourg,CH,4.25,5.17
2217,Ponthaux,Fribourg,CH,7.06,9.33
2220,Le Mouret,Fribourg,CH,29.48,39.55
2221,Prez-vers-Noréaz,Fribourg,CH,9.59,13.09
2225,Senèdes,Fribourg,CH,1.52,2.1
2226,Treyvaux,Fribourg,CH,16.71,22.19
2228,Villars-sur-Glâne,Fribourg,CH,46.81,68.27
2230,Villarsel-sur-Marly,Fribourg,CH,1.49,1.92
2233,Hauterive (FR),Fribourg,CH,24.97,33.74
2234,La Brillaz,Fribourg,CH,15.92,22.48
2235,La Sonnaz,Fribourg,CH,10.21,13.7
2236,Gibloux,Fribourg,CH,66.47,89.45
2250,Courgevaux,Fribourg,CH,8.99,12.24
2254,Courtepin,Fribourg,CH,41.87,55.38
2257,Cressier (FR),Fribourg,CH,9.84,12.93
2258,Fräschels,Fribourg,CH,8.51,10.03
2259,Galmiz,Fribourg,CH,7.81,10.16
2260,Gempenach,Fribourg,CH,5.61,6.77
2261,Greng,Fribourg,CH,2.03,2.57
2262,Gurmels,Fribourg,CH,37.98,50.5
2265,Kerzers,Fribourg,CH,50.48,62.58
2266,Kleinbösingen,Fribourg,CH,5.14,7.03
2271,Meyriez,Fribourg,CH,3.52,4.62
2272,Misery-Courtion,Fribourg,CH,17.23,22.94
2274,Muntelier,Fribourg,CH,6.76,8.72
2275,Murten,Fribourg,CH,57.36,75.08
2276,Ried bei Kerzers,Fribourg,CH,39.43,43.67
2278,Ulmiz,Fribourg,CH,5.25,6.91
2284,Mont-Vully,Fribourg,CH,41.2,52.59
2291,Alterswil,Fribourg,CH,23.9,32.07
2292,Brünisried,Fribourg,CH,6.5,8.93
2293,Düdingen,Fribourg,CH,68.64,91.75
2294,Giffers,Fribourg,CH,12.53,17.52
2295,Bösingen,Fribourg,CH,30.63,39.88
2296,Heitenried,Fribourg,CH,13.6,18.73
2299,Plaffeien,Fribourg,CH,40.68,54.54
2300,Plasselb,Fribourg,CH,10.14,13.77
2301,Rechthalten,Fribourg,CH,12.28,16.93
2302,St. Antoni,Fribourg,CH,23.83,32.18
2303,St. Silvester,Fribourg,CH,9.36,12.54
2304,St. Ursen,Fribourg,CH,19.4,25.89
2305,Schmitten (FR),Fribourg,CH,34.99,47.54
2306,Tafers,Fribourg,CH,25.46,35.62
2307,Tentlingen,Fribourg,CH,10.63,14.66
2308,Ueberstorf,Fribourg,CH,23.6,31.79
2309,Wünnewil-Flamatt,Fribourg,CH,33.63,47.58
2321,Attalens,Fribourg,CH,24.03,33.65
2323,Bossonnens,Fribourg,CH,11.51,15.9
2325,Châtel-Saint-Denis,Fribourg,CH,56.69,74.9
2328,Granges (Veveyse),Fribourg,CH,9.53,12.81
2333,Remaufens,Fribourg,CH,9.04,12.47
2335,Saint-Martin (FR),Fribourg,CH,13.42,18.1
2336,Semsales,Fribourg,CH,17.11,23.41
2337,Le Flon,Fribourg,CH,13.04,17.7
2338,La Verrerie,Fribourg,CH,17.8,23.95
2401,Egerkingen,Solothurn,CH,29.61,37.15
2402,Härkingen,Solothurn,CH,24.57,29.41
2403,Kestenholz,Solothurn,CH,15.51,19.61
2404,Neuendorf,Solothurn,CH,35.79,41.15
2405,Niederbuchsiten,Solothurn,CH,9.43,11.99
2406,Oberbuchsiten,Solothurn,CH,16.96,21.58
2407,Oensingen,Solothurn,CH,47.86,61.54
2408,Wolfwil,Solothurn,CH,19.52,25.48
2421,Aedermannsdorf,Solothurn,CH,6.6,8.72
2422,Balsthal,Solothurn,CH,37.21,48.08
2423,Gänsbrunnen,Solothurn,CH,1.56,1.99
2424,Herbetswil,Solothurn,CH,5.18,7.03
2425,Holderbank (SO),Solothurn,CH,5.68,7.51
2426,Laupersdorf,Solothurn,CH,14.46,19.14
2427,Matzendorf,Solothurn,CH,13.51,17.54
2428,Mümliswil-Ramiswil,Solothurn,CH,20.51,26.86
2429,Welschenrohr,Solothurn,CH,9.21,12.78
2445,Biezwil,Solothurn,CH,4.27,5.45
2455,Lüterkofen-Ichertswil,Solothurn,CH,7.64,9.65
2456,Lüterswil-Gächliwil,Solothurn,CH,4.46,5.74
2457,Messen,Solothurn,CH,16.51,20.68
2461,Schnottwil,Solothurn,CH,11,13.72
2463,Unterramsern,Solothurn,CH,2.61,3.33
2464,Lüsslingen-Nennigkofen,Solothurn,CH,11.96,15.34
2465,Buchegg,Solothurn,CH,27.83,34.88
2471,Bättwil,Solothurn,CH,8.43,10.76
2472,Büren (SO),Solothurn,CH,6.55,8.41
2473,Dornach,Solothurn,CH,29.49,37.72
2474,Gempen,Solothurn,CH,7.25,9.38
2475,Hochwald,Solothurn,CH,9.58,12.09
2476,Hofstetten-Flüh,Solothurn,CH,17.45,22.65
2477,Metzerlen-Mariastein,Solothurn,CH,8.62,10.81
2478,Nuglar-St. Pantaleon,Solothurn,CH,9.65,12.45
2479,Rodersdorf,Solothurn,CH,8.66,11.01
2480,Seewen,Solothurn,CH,9.88,12.84
2481,Witterswil,Solothurn,CH,9.48,12.23
2491,Hauenstein-Ifenthal,Solothurn,CH,3.18,4.25
2492,Kienberg,Solothurn,CH,5.8,7.29
2493,Lostorf,Solothurn,CH,25.85,34.14
2495,Niedergösgen,Solothurn,CH,23.1,31.13
2497,Obergösgen,Solothurn,CH,12.11,16.46
2498,Rohr (SO),Solothurn,CH,1.22,1.54
2499,Stüsslingen,Solothurn,CH,9.01,11.89
2500,Trimbach,Solothurn,CH,25.79,35.71
2501,Winznau,Solothurn,CH,11.24,14.94
2502,Wisen (SO),Solothurn,CH,3.75,5.11
2503,Erlinsbach (SO),Solothurn,CH,19.67,26.13
2511,Aeschi (SO),Solothurn,CH,9.82,12.91
2513,Biberist,Solothurn,CH,60.93,78.61
2514,Bolken,Solothurn,CH,4.05,5.36
2516,Deitingen,Solothurn,CH,20.72,27.34
2517,Derendingen,Solothurn,CH,33.58,45.26
2518,Etziken,Solothurn,CH,8.46,10.96
2519,Gerlafingen,Solothurn,CH,34.19,43.09
2520,Halten,Solothurn,CH,5.87,7.88
2523,Horriwil,Solothurn,CH,6.86,9.03
2524,Hüniken,Solothurn,CH,1.32,1.72
2525,Kriegstetten,Solothurn,CH,8.4,10.98
2526,Lohn-Ammannsegg,Solothurn,CH,18.76,24.88
2527,Luterbach,Solothurn,CH,27.42,35.52
2528,Obergerlafingen,Solothurn,CH,10.88,13.49
2529,Oekingen,Solothurn,CH,6.05,7.96
2530,Recherswil,Solothurn,CH,13.35,17.02
2532,Subingen,Solothurn,CH,23.2,30.34
2534,Zuchwil,Solothurn,CH,46.76,61.88
2535,Drei Höfe,Solothurn,CH,6.69,8.51
2541,Balm bei Günsberg,Solothurn,CH,2.2,2.84
2542,Bellach,Solothurn,CH,35.7,46.05
2543,Bettlach,Solothurn,CH,27.28,37.02
2544,Feldbrunnen-St. Niklaus,Solothurn,CH,4.89,6.9
2545,Flumenthal,Solothurn,CH,7.83,10.49
2546,Grenchen,Solothurn,CH,87.03,117.69
2547,Günsberg,Solothurn,CH,8.55,11.89
2548,Hubersdorf,Solothurn,CH,4.44,6.04
2549,Kammersrohr,Solothurn,CH,0.61,0.81
2550,Langendorf,Solothurn,CH,18.36,25.46
2551,Lommiswil,Solothurn,CH,10.02,13.41
2553,Oberdorf (SO),Solothurn,CH,11.62,15.84
2554,Riedholz,Solothurn,CH,17.86,24.32
2555,Rüttenen,Solothurn,CH,9.12,12.39
2556,Selzach,Solothurn,CH,28.78,37.55
2571,Boningen,Solothurn,CH,6.26,8.27
2572,Däniken,Solothurn,CH,31.25,38.71
2573,Dulliken,Solothurn,CH,28.18,36.21
2574,Eppenberg-Wöschnau,Solothurn,CH,4.35,5.24
2575,Fulenbach,Solothurn,CH,13.2,17.28
2576,Gretzenbach,Solothurn,CH,21.16,26.43
2578,Gunzgen,Solothurn,CH,14.03,17.97
2579,Hägendorf,Solothurn,CH,34.16,43.92
2580,Kappel (SO),Solothurn,CH,14.61,19.71
2581,Olten,Solothurn,CH,73.82,97.29
2582,Rickenbach (SO),Solothurn,CH,13.04,15.71
2583,Schönenwerd,Solothurn,CH,26.26,34.6
2584,Starrkirch-Wil,Solothurn,CH,7.33,9.67
2585,Walterswil (SO),Solothurn,CH,7.25,9.55
2586,Wangen bei Olten,Solothurn,CH,27.96,36.35
2601,Solothurn,Solothurn,CH,74.94,102.18
2611,Bärschwil,Solothurn,CH,5.96,7.88
2612,Beinwil (SO),Solothurn,CH,4.48,5.81
2613,Breitenbach,Solothurn,CH,22.74,29.61
2614,Büsserach,Solothurn,CH,16.21,20.7
2615,Erschwil,Solothurn,CH,5.33,6.77
2616,Fehren,Solothurn,CH,3.53,4.81
2617,Grindel,Solothurn,CH,2.88,3.7
2618,Himmelried,Solothurn,CH,6.69,8.83
2619,Kleinlützel,Solothurn,CH,11.47,14.64
2620,Meltingen,Solothurn,CH,4.26,5.4
2621,Nunningen,Solothurn,CH,13.92,18.34
2622,Zullwil,Solothurn,CH,4.55,5.96
2701,Basel,Basel-Stadt,CH,421.63,562.46
2702,Bettingen,Basel-Stadt,CH,5.15,6.82
2703,Riehen,Basel-Stadt,CH,63.57,86.82
2761,Aesch (BL),Basel-Landschaft,CH,45.11,60.49
2762,Allschwil,Basel-Landschaft,CH,71.42,102.69
2763,Arlesheim,Basel-Landschaft,CH,41.89,56.95
2764,Biel-Benken,Basel-Landschaft,CH,20.63,29.15
2765,Binningen,Basel-Landschaft,CH,42.6,64.86
2766,Birsfelden,Basel-Landschaft,CH,39.07,51.06
2767,Bottmingen,Basel-Landschaft,CH,23.25,34.22
2768,Ettingen,Basel-Landschaft,CH,20.36,28.38
2769,Münchenstein,Basel-Landschaft,CH,66.36,88.27
2770,Muttenz,Basel-Landschaft,CH,90.69,124.55
2771,Oberwil (BL),Basel-Landschaft,CH,47.99,68.47
2772,Pfeffingen,Basel-Landschaft,CH,10.14,13.55
2773,Reinach (BL),Basel-Landschaft,CH,69.25,97.37
2774,Schönenbuch,Basel-Landschaft,CH,8.12,11.2
2775,Therwil,Basel-Landschaft,CH,37.66,53.89
2781,Blauen,Basel-Landschaft,CH,5.32,7.28
2782,Brislach,Basel-Landschaft,CH,12.77,16.69
2783,Burg im Leimental,Basel-Landschaft,CH,1.1,1.37
2784,Dittingen,Basel-Landschaft,CH,4.72,6.25
2785,Duggingen,Basel-Landschaft,CH,8.7,10.98
2786,Grellingen,Basel-Landschaft,CH,9.03,11.99
2787,Laufen,Basel-Landschaft,CH,34.83,43.59
2788,Liesberg,Basel-Landschaft,CH,13.62,17.37
2789,Nenzlingen,Basel-Landschaft,CH,3.45,4.93
2790,Roggenburg,Basel-Landschaft,CH,3.77,4.95
2791,Röschenz,Basel-Landschaft,CH,11.04,14.67
2792,Wahlen,Basel-Landschaft,CH,8.31,10.95
2793,Zwingen,Basel-Landschaft,CH,17.87,23.31
2821,Arisdorf,Basel-Landschaft,CH,12.59,15.99
2822,Augst,Basel-Landschaft,CH,6.46,8.64
2823,Bubendorf,Basel-Landschaft,CH,27.54,36.55
2824,Frenkendorf,Basel-Landschaft,CH,25.83,36.35
2825,Füllinsdorf,Basel-Landschaft,CH,27.63,35.5
2826,Giebenach,Basel-Landschaft,CH,4.63,6.26
2827,Hersberg,Basel-Landschaft,CH,2.04,2.79
2828,Lausen,Basel-Landschaft,CH,21.49,29.88
2829,Liestal,Basel-Landschaft,CH,68.66,95.81
2830,Lupsingen,Basel-Landschaft,CH,7.1,9.75
2831,Pratteln,Basel-Landschaft,CH,95.59,122.46
2832,Ramlinsburg,Basel-Landschaft,CH,4.16,5.64
2833,Seltisberg,Basel-Landschaft,CH,7.68,10.43
2834,Ziefen,Basel-Landschaft,CH,11.34,15.1
2841,Anwil,Basel-Landschaft,CH,5.17,6.71
2842,Böckten,Basel-Landschaft,CH,5.31,7.35
2843,Buckten,Basel-Landschaft,CH,5.05,6.49
2844,Buus,Basel-Landschaft,CH,8.76,11.11
2845,Diepflingen,Basel-Landschaft,CH,3.13,4.27
2846,Gelterkinden,Basel-Landschaft,CH,31.61,43.26
2847,Häfelfingen,Basel-Landschaft,CH,2.8,3.67
2848,Hemmiken,Basel-Landschaft,CH,3.74,4.9
2849,Itingen,Basel-Landschaft,CH,12.17,15.87
2850,Känerkinden,Basel-Landschaft,CH,3.57,4.77
2851,Kilchberg (BL),Basel-Landschaft,CH,1.64,2.08
2852,Läufelfingen,Basel-Landschaft,CH,11.42,15.17
2853,Maisprach,Basel-Landschaft,CH,7.48,9.59
2854,Nusshof,Basel-Landschaft,CH,1.96,2.46
2855,Oltingen,Basel-Landschaft,CH,4.86,6.1
2856,Ormalingen,Basel-Landschaft,CH,16.62,21.94
2857,Rickenbach (BL),Basel-Landschaft,CH,4.64,6.18
2858,Rothenfluh,Basel-Landschaft,CH,5.97,7.76
2859,Rümlingen,Basel-Landschaft,CH,3.33,4.1
2860,Rünenberg,Basel-Landschaft,CH,6.2,8.5
2861,Sissach,Basel-Landschaft,CH,37.82,51.04
2862,Tecknau,Basel-Landschaft,CH,3.48,4.93
2863,Tenniken,Basel-Landschaft,CH,6.24,8.41
2864,Thürnen,Basel-Landschaft,CH,6.23,8.57
2865,Wenslingen,Basel-Landschaft,CH,6.87,8.96
2866,Wintersingen,Basel-Landschaft,CH,5.28,6.79
2867,Wittinsburg,Basel-Landschaft,CH,3.91,5.09
2868,Zeglingen,Basel-Landschaft,CH,5.69,7.55
2869,Zunzgen,Basel-Landschaft,CH,12.89,17.02
2881,Arboldswil,Basel-Landschaft,CH,4.09,5.49
2882,Bennwil,Basel-Landschaft,CH,5.81,7.61
2883,Bretzwil,Basel-Landschaft,CH,6.42,8.5
2884,Diegten,Basel-Landschaft,CH,11.98,15.95
2885,Eptingen,Basel-Landschaft,CH,6.34,8.1
2886,Hölstein,Basel-Landschaft,CH,12.79,17.48
2887,Lampenberg,Basel-Landschaft,CH,3.92,5.18
2888,Langenbruck,Basel-Landschaft,CH,8.07,10.66
2889,Lauwil,Basel-Landschaft,CH,2.85,3.86
2890,Liedertswil,Basel-Landschaft,CH,1.31,1.68
2891,Niederdorf,Basel-Landschaft,CH,10.41,14.43
2892,Oberdorf (BL),Basel-Landschaft,CH,12.47,16.68
2893,Reigoldswil,Basel-Landschaft,CH,10.13,13.73
2894,Titterten,Basel-Landschaft,CH,3.81,5
2895,Waldenburg,Basel-Landschaft,CH,4.79,6.12
2901,Gächlingen,Schaffhausen,CH,9.93,12.56
2903,Löhningen,Schaffhausen,CH,11.7,14.81
2904,Neunkirch,Schaffhausen,CH,19.27,24.06
2914,Büttenhardt,Schaffhausen,CH,3.42,4.58
2915,Dörflingen,Schaffhausen,CH,8.74,11.5
2917,Lohn (SH),Schaffhausen,CH,6.3,8.06
2919,Stetten (SH),Schaffhausen,CH,7.66,10.37
2920,Thayngen,Schaffhausen,CH,46.94,61.5
2931,Bargen (SH),Schaffhausen,CH,2.79,3.68
2932,Beringen,Schaffhausen,CH,35.69,45.8
2933,Buchberg,Schaffhausen,CH,7.42,9.66
2936,Merishausen,Schaffhausen,CH,7.49,9.35
2937,Neuhausen am Rheinfall,Schaffhausen,CH,39.12,54.04
2938,Rüdlingen,Schaffhausen,CH,6.8,8.67
2939,Schaffhausen,Schaffhausen,CH,162.92,218.25
2951,Beggingen,Schaffhausen,CH,8.63,11.1
2952,Schleitheim,Schaffhausen,CH,22.17,28.46
2953,Siblingen,Schaffhausen,CH,9.48,12.26
2961,Buch (SH),Schaffhausen,CH,4.49,5.79
2962,Hemishofen,Schaffhausen,CH,5.38,7.11
2963,Ramsen,Schaffhausen,CH,18.54,23.8
2964,Stein am Rhein,Schaffhausen,CH,22.41,28.97
2971,Hallau,Schaffhausen,CH,23.07,29.33
2972,Oberhallau,Schaffhausen,CH,7.06,8.55
2973,Trasadingen,Schaffhausen,CH,7.56,9.77
2974,Wilchingen,Schaffhausen,CH,22.04,27.81
3001,Herisau,Appenzell Ausserrhoden,CH,72.05,102.54
3002,Hundwil,Appenzell Ausserrhoden,CH,11.55,16.96
3003,Schönengrund,Appenzell Ausserrhoden,CH,4.41,6.39
3004,Schwellbrunn,Appenzell Ausserrhoden,CH,14.94,21.5
3005,Stein (AR),Appenzell Ausserrhoden,CH,13.08,18.89
3006,Urnäsch,Appenzell Ausserrhoden,CH,22.8,32.96
3007,Waldstatt,Appenzell Ausserrhoden,CH,13.2,19.22
3021,Bühler,Appenzell Ausserrhoden,CH,12.33,17.84
3022,Gais,Appenzell Ausserrhoden,CH,23.42,34.09
3023,Speicher,Appenzell Ausserrhoden,CH,21.38,31.58
3024,Teufen (AR),Appenzell Ausserrhoden,CH,33.16,50.11
3025,Trogen,Appenzell Ausserrhoden,CH,12.32,17.68
3031,Grub (AR),Appenzell Ausserrhoden,CH,6.33,8.95
3032,Heiden,Appenzell Ausserrhoden,CH,23.87,34.47
3033,Lutzenberg,Appenzell Ausserrhoden,CH,6.43,8.67
3034,Rehetobel,Appenzell Ausserrhoden,CH,11.5,17.34
3035,Reute (AR),Appenzell Ausserrhoden,CH,5.31,7.93
3036,Wald (AR),Appenzell Ausserrhoden,CH,7.98,11.65
3037,Walzenhausen,Appenzell Ausserrhoden,CH,13.11,18.68
3038,Wolfhalden,Appenzell Ausserrhoden,CH,13.81,18.84
3101,Appenzell,Appenzell Innerrhoden,CH,39.51,54.62
3102,Gonten,Appenzell Innerrhoden,CH,15.83,23.15
3103,Rüte,Appenzell Innerrhoden,CH,27.75,39.96
3104,Schlatt-Haslen,Appenzell Innerrhoden,CH,13.37,19.11
3105,Schwende,Appenzell Innerrhoden,CH,14.74,21.03
3111,Oberegg,Appenzell Innerrhoden,CH,16.23,23.44
3201,Häggenschwil,St. Gallen,CH,15.25,20.38
3202,Muolen,St. Gallen,CH,17.07,23.12
3203,St. Gallen,St. Gallen,CH,250.01,355.92
3204,Wittenbach,St. Gallen,CH,40.35,55.9
3211,Berg (SG),St. Gallen,CH,7.11,9.5
3212,Eggersriet,St. Gallen,CH,13.62,19.84
3213,Goldach,St. Gallen,CH,41.1,55.59
3214,Mörschwil,St. Gallen,CH,23.15,31.63
3215,Rorschach,St. Gallen,CH,25.7,34.07
3216,Rorschacherberg,St. Gallen,CH,21.11,29.13
3217,Steinach,St. Gallen,CH,22.94,30.4
3218,Tübach,St. Gallen,CH,11.47,14.62
3219,Untereggen,St. Gallen,CH,7.17,9.58
3231,Au (SG),St. Gallen,CH,43.68,58.82
3232,Balgach,St. Gallen,CH,32.06,43.19
3233,Berneck,St. Gallen,CH,27.54,36.34
3234,Diepoldsau,St. Gallen,CH,46.76,60.95
3235,Rheineck,St. Gallen,CH,17.6,23.31
3236,St. Margrethen,St. Gallen,CH,41.71,53.3
3237,Thal,St. Gallen,CH,52.87,67.82
3238,Widnau,St. Gallen,CH,56.59,74.8
3251,Altstätten,St. Gallen,CH,95.77,128.17
3252,Eichberg,St. Gallen,CH,10.91,15.02
3253,Marbach (SG),St. Gallen,CH,16.37,21.98
3254,Oberriet (SG),St. Gallen,CH,94.35,120.19
3255,Rebstein,St. Gallen,CH,24.73,35.06
3256,Rüthi (SG),St. Gallen,CH,21.68,28.55
3271,Buchs (SG),St. Gallen,CH,65.01,85.53
3272,Gams,St. Gallen,CH,28.8,41.49
3273,Grabs,St. Gallen,CH,49.79,69.98
3274,Sennwald,St. Gallen,CH,69.76,90.73
3275,Sevelen,St. Gallen,CH,36.11,46.35
3276,Wartau,St. Gallen,CH,39.64,53.07
3291,Bad Ragaz,St. Gallen,CH,33.3,45.05
3292,Flums,St. Gallen,CH,40.95,56.97
3293,Mels,St. Gallen,CH,52.28,72.11
3294,Pfäfers,St. Gallen,CH,15.66,21.15
3295,Quarten,St. Gallen,CH,16.41,22.18
3296,Sargans,St. Gallen,CH,30.7,43.79
3297,Vilters-Wangs,St. Gallen,CH,30.81,42.31
3298,Walenstadt,St. Gallen,CH,34.72,49.26
3311,Amden,St. Gallen,CH,21.01,31.91
3312,Benken (SG),St. Gallen,CH,26.12,35.25
3313,Kaltbrunn,St. Gallen,CH,30.58,44.02
3315,Schänis,St. Gallen,CH,28.54,37.6
3316,Weesen,St. Gallen,CH,9.31,13.1
3338,Schmerikon,St. Gallen,CH,21.98,29.38
3339,Uznach,St. Gallen,CH,34.3,48.64
3340,Rapperswil-Jona,St. Gallen,CH,108.82,144.82
3341,Gommiswald,St. Gallen,CH,40.65,58.08
3342,Eschenbach (SG),St. Gallen,CH,74.03,102.73
3352,Ebnat-Kappel,St. Gallen,CH,36.76,53.17
3359,Wildhaus-Alt St. Johann,St. Gallen,CH,47.16,70.95
3360,Nesslau,St. Gallen,CH,46.33,68.04
3372,Hemberg,St. Gallen,CH,13.87,19.95
3374,Lichtensteig,St. Gallen,CH,8.4,11.19
3375,Oberhelfenschwil,St. Gallen,CH,11.36,15.97
3378,Neckertal,St. Gallen,CH,42.04,59.78
3379,Wattwil,St. Gallen,CH,56.83,80.92
3392,Kirchberg (SG),St. Gallen,CH,71.47,98.48
3393,Lütisburg,St. Gallen,CH,15.64,21.39
3394,Mosnang,St. Gallen,CH,30.25,42.9
3395,Bütschwil-Ganterschwil,St. Gallen,CH,42.49,58
3401,Degersheim,St. Gallen,CH,25.86,34.97
3402,Flawil,St. Gallen,CH,48.37,66.82
3405,Jonschwil,St. Gallen,CH,40.18,51.11
3407,Oberuzwil,St. Gallen,CH,34.27,46.82
3408,Uzwil,St. Gallen,CH,71.84,95.14
3422,Niederbüren,St. Gallen,CH,21.03,27.44
3423,Niederhelfenschwil,St. Gallen,CH,28.22,37.96
3424,Oberbüren,St. Gallen,CH,41.66,55.18
3426,Zuzwil (SG),St. Gallen,CH,33.6,44.8
3427,Wil (SG),St. Gallen,CH,118.14,161.91
3441,Andwil (SG),St. Gallen,CH,15.26,20.87
3442,Gaiserwald,St. Gallen,CH,39.43,55.8
3443,Gossau (SG),St. Gallen,CH,113.49,153.22
3444,Waldkirch,St. Gallen,CH,41.43,54.65
3506,Vaz/Obervaz,Graubünden,CH,51.07,72.56
3513,Lantsch/Lenz,Graubünden,CH,9.45,13.73
3514,Schmitten (GR),Graubünden,CH,3.86,5.59
3542,Albula/Alvra,Graubünden,CH,23.48,32.18
3543,Surses,Graubünden,CH,47.96,70.46
3544,Bergün Filisur,Graubünden,CH,15.32,20.73
3551,Brusio,Graubünden,CH,10.79,14.93
3561,Poschiavo,Graubünden,CH,38.73,55.21
3572,Falera,Graubünden,CH,15.72,23.66
3575,Laax,Graubünden,CH,27.03,38.8
3581,Sagogn,Graubünden,CH,7.77,11.17
3582,Schluein,Graubünden,CH,8.41,11.87
3603,Vals,Graubünden,CH,15.27,21.84
3618,Lumnezia,Graubünden,CH,48.5,71.68
3619,Ilanz/Glion,Graubünden,CH,60.44,86.18
3633,Fürstenau,Graubünden,CH,2.74,3.6
3637,Rothenbrunnen,Graubünden,CH,2.54,3.52
3638,Scharans,Graubünden,CH,7.68,10.35
3640,Sils im Domleschg,Graubünden,CH,7.04,8.97
3661,Cazis,Graubünden,CH,26.82,36.99
3662,Flerden,Graubünden,CH,4.13,5.89
3663,Masein,Graubünden,CH,4.14,5.86
3668,Thusis,Graubünden,CH,20.56,27.63
3669,Tschappina,Graubünden,CH,6.38,9.82
3670,Urmein,Graubünden,CH,4.28,6.31
3672,Safiental,Graubünden,CH,23.2,33.84
3673,Domleschg,Graubünden,CH,22.98,32.56
3681,Avers,Graubünden,CH,6.42,9.16
3695,Sufers,Graubünden,CH,2.83,4.01
3701,Andeer,Graubünden,CH,9.06,11.84
3703,Casti-Wergenstein,Graubünden,CH,1.64,2.35
3705,Donat,Graubünden,CH,3.31,4.89
3707,Lohn (GR),Graubünden,CH,1.67,2.09
3708,Mathon,Graubünden,CH,2.46,3.63
3711,Rongellen,Graubünden,CH,0.4,0.56
3712,Zillis-Reischen,Graubünden,CH,4.49,5.62
3713,Ferrera,Graubünden,CH,2.28,3.17
3714,Rheinwald,Graubünden,CH,16.75,24.24
3721,Bonaduz,Graubünden,CH,17.28,23.86
3722,Domat/Ems,Graubünden,CH,45.76,61.35
3723,Rhäzüns,Graubünden,CH,9.28,12.23
3731,Felsberg,Graubünden,CH,11.72,16.27
3732,Flims,Graubünden,CH,39.55,56.68
3733,Tamins,Graubünden,CH,8.31,11.09
3734,Trin,Graubünden,CH,12.88,18.54
3746,Zernez,Graubünden,CH,17.51,23.89
3752,Samnaun,Graubünden,CH,10.7,14.89
3762,Scuol,Graubünden,CH,58.19,82.27
3764,Valsot,Graubünden,CH,13.69,18.75
3781,Bever,Graubünden,CH,7.45,10.53
3782,Celerina/Schlarigna,Graubünden,CH,19.84,30.36
3783,Madulain,Graubünden,CH,4.04,5.83
3784,Pontresina,Graubünden,CH,19.53,28.58
3785,La Punt-Chamues-ch,Graubünden,CH,10.86,15.29
3786,Samedan,Graubünden,CH,27.51,39.36
3787,St. Moritz,Graubünden,CH,45.3,68.82
3788,S-chanf,Graubünden,CH,11.56,16.31
3789,Sils im Engadin/Segl,Graubünden,CH,12.95,18.79
3790,Silvaplana,Graubünden,CH,16.69,24.74
3791,Zuoz,Graubünden,CH,15.97,23.81
3792,Bregaglia,Graubünden,CH,27.39,38
3804,Buseno,Graubünden,CH,1.99,2.7
3805,Castaneda,Graubünden,CH,2.74,3.93
3808,Rossa,Graubünden,CH,2.71,3.38
3810,Santa Maria in Calanca,Graubünden,CH,3.09,4.09
3821,Lostallo,Graubünden,CH,5.3,7.12
3822,Mesocco,Graubünden,CH,17.71,24.93
3823,Soazza,Graubünden,CH,2.74,3.55
3831,Cama,Graubünden,CH,3.51,4.71
3832,Grono,Graubünden,CH,11.32,15.18
3834,Roveredo (GR),Graubünden,CH,15.26,20
3835,San Vittore,Graubünden,CH,12.08,15.36
3837,Calanca,Graubünden,CH,4.61,5.85
3847,Val Müstair,Graubünden,CH,27.66,37.13
3851,Davos,Graubünden,CH,98.36,150.85
3861,Fideris,Graubünden,CH,12.15,15.48
3862,Furna,Graubünden,CH,7.55,10.73
3863,Jenaz,Graubünden,CH,13.06,17.75
3871,Klosters-Serneus,Graubünden,CH,60.81,85.28
3881,Conters im Prättigau,Graubünden,CH,4.91,6.51
3882,Küblis,Graubünden,CH,9.53,13.28
3891,Luzein,Graubünden,CH,31.91,44.15
3901,Chur,Graubünden,CH,126.64,174.75
3911,Churwalden,Graubünden,CH,28.81,40.57
3921,Arosa,Graubünden,CH,57.11,88.22
3926,Maladers,Graubünden,CH,5.38,7.78
3932,Tschiertschen-Praden,Graubünden,CH,7.13,9.69
3941,Haldenstein,Graubünden,CH,6.28,8.62
3945,Trimmis,Graubünden,CH,21.43,28.37
3946,Untervaz,Graubünden,CH,19.47,25.62
3947,Zizers,Graubünden,CH,25.12,31.37
3951,Fläsch,Graubünden,CH,5.71,7.39
3952,Jenins,Graubünden,CH,6.47,8.4
3953,Maienfeld,Graubünden,CH,21.97,28.9
3954,Malans,Graubünden,CH,17.41,23.01
3955,Landquart,Graubünden,CH,60.19,77.67
3961,Grüsch,Graubünden,CH,24.89,33.63
3962,Schiers,Graubünden,CH,24,33.53
3972,Seewis im Prättigau,Graubünden,CH,17.82,24.19
3981,Breil/Brigels,Graubünden,CH,39.85,59.42
3982,Disentis/Mustér,Graubünden,CH,27.03,39.19
3983,Medel (Lucmagn),Graubünden,CH,7.92,11.16
3985,Sumvitg,Graubünden,CH,21.15,31.03
3986,Tujetsch,Graubünden,CH,26.05,40.06
3987,Trun,Graubünden,CH,19.12,26.79
3988,Obersaxen Mundaun,Graubünden,CH,32.46,47.39
4001,Aarau,Aargau,CH,93.45,122.97
4002,Biberstein,Aargau,CH,8.45,11.45
4003,Buchs (AG),Aargau,CH,40.08,51.87
4004,Densbüren,Aargau,CH,7.41,9.67
4005,Erlinsbach (AG),Aargau,CH,21.29,28.14
4006,Gränichen,Aargau,CH,40.19,54.03
4007,Hirschthal,Aargau,CH,12.41,15.72
4008,Küttigen,Aargau,CH,29.57,40.05
4009,Muhen,Aargau,CH,24.6,32.03
4010,Oberentfelden,Aargau,CH,42.27,56.41
4012,Suhr,Aargau,CH,48.83,63.96
4013,Unterentfelden,Aargau,CH,25.68,33.06
4021,Baden,Aargau,CH,77.27,97.84
4022,Bellikon,Aargau,CH,10.11,13.39
4023,Bergdietikon,Aargau,CH,17.87,23.26
4024,Birmenstorf (AG),Aargau,CH,19.89,25.49
4026,Ennetbaden,Aargau,CH,10.5,13.56
4027,Fislisbach,Aargau,CH,23.11,30.9
4028,Freienwil,Aargau,CH,6.24,8.15
4029,Gebenstorf,Aargau,CH,22.63,29.85
4030,Killwangen,Aargau,CH,9.36,12.58
4031,Künten,Aargau,CH,10.7,14.02
4032,Mägenwil,Aargau,CH,19.45,24.21
4033,Mellingen,Aargau,CH,26.54,35.18
4034,Neuenhof,Aargau,CH,20.87,30.31
4035,Niederrohrdorf,Aargau,CH,14.9,21.09
4037,Oberrohrdorf,Aargau,CH,17.44,24.09
4038,Obersiggenthal,Aargau,CH,28.37,39.04
4039,Remetschwil,Aargau,CH,12.48,16.53
4040,Spreitenbach,Aargau,CH,52.63,67.09
4041,Stetten (AG),Aargau,CH,15.87,20.26
4042,Turgi,Aargau,CH,9.42,13.2
4044,Untersiggenthal,Aargau,CH,30.5,41.07
4045,Wettingen,Aargau,CH,66.5,90.09
4046,Wohlenschwil,Aargau,CH,9.63,12.62
4047,Würenlingen,Aargau,CH,36.56,45.92
4048,Würenlos,Aargau,CH,28,38.08
4049,Ehrendingen,Aargau,CH,20.82,28.87
4061,Arni (AG),Aargau,CH,9.92,13.37
4062,Berikon,Aargau,CH,21.32,28.86
4063,Bremgarten (AG),Aargau,CH,45.54,58.76
4064,Büttikon,Aargau,CH,6.15,8.23
4065,Dottikon,Aargau,CH,21.63,29.17
4066,Eggenwil,Aargau,CH,6.88,8.79
4067,Fischbach-Göslikon,Aargau,CH,10.34,13.45
4068,Hägglingen,Aargau,CH,17.87,23.42
4071,Jonen,Aargau,CH,13.51,17.44
4072,Niederwil (AG),Aargau,CH,17.3,22.66
4073,Oberlunkhofen,Aargau,CH,11.5,15.08
4074,Oberwil-Lieli,Aargau,CH,16.18,20.93
4075,Rudolfstetten-Friedlisberg,Aargau,CH,18.57,25.85
4076,Sarmenstorf,Aargau,CH,20.47,27.34
4077,Tägerig,Aargau,CH,7.94,10.8
4078,Uezwil,Aargau,CH,3.88,5.11
4079,Unterlunkhofen,Aargau,CH,8.39,11.08
4080,Villmergen,Aargau,CH,59.36,74.45
4081,Widen,Aargau,CH,17.92,24.16
4082,Wohlen (AG),Aargau,CH,82.15,108.52
4083,Zufikon,Aargau,CH,18.6,25.45
4084,Islisberg,Aargau,CH,3.81,5.09
4091,Auenstein,Aargau,CH,10.56,14.43
4092,Birr,Aargau,CH,26.76,33.37
4093,Birrhard,Aargau,CH,6.63,8.52
4094,Bözen,Aargau,CH,7.19,9.36
4095,Brugg,Aargau,CH,53.42,70.89
4096,Effingen,Aargau,CH,6.67,8.72
4097,Elfingen,Aargau,CH,3.27,4.04
4099,Habsburg,Aargau,CH,2.74,3.8
4100,Hausen (AG),Aargau,CH,14.05,18.92
4104,Lupfig,Aargau,CH,29.46,36.26
4105,Mandach,Aargau,CH,4.06,5
4106,Mönthal,Aargau,CH,4.09,5.54
4107,Mülligen,Aargau,CH,6.33,8.26
4110,Remigen,Aargau,CH,8.5,11.01
4111,Riniken,Aargau,CH,7.77,10.51
4112,Rüfenach,Aargau,CH,10.32,12.3
4114,Schinznach-Bad,Aargau,CH,8.76,10.67
4117,Thalheim (AG),Aargau,CH,8.03,10.26
4120,Veltheim (AG),Aargau,CH,12.58,15.55
4121,Villigen,Aargau,CH,21.4,25.58
4122,Villnachern,Aargau,CH,8.44,11.76
4123,Windisch,Aargau,CH,33,44.09
4124,Bözberg,Aargau,CH,17.1,22.14
4125,Schinznach,Aargau,CH,23.28,28.78
4131,Beinwil am See,Aargau,CH,20.61,27
4132,Birrwil,Aargau,CH,9.44,12.24
4133,Burg (AG),Aargau,CH,5.43,7.43
4134,Dürrenäsch,Aargau,CH,14.51,18.47
4135,Gontenschwil,Aargau,CH,24.66,31.65
4136,Holziken,Aargau,CH,7.96,10.54
4137,Leimbach (AG),Aargau,CH,5.39,6.86
4138,Leutwil,Aargau,CH,7.39,9.55
4139,Menziken,Aargau,CH,35.91,46.38
4140,Oberkulm,Aargau,CH,19.88,26.26
4141,Reinach (AG),Aargau,CH,56.38,72.88
4142,Schlossrued,Aargau,CH,9.76,12.71
4143,Schmiedrued,Aargau,CH,13.78,17.74
4144,Schöftland,Aargau,CH,23.5,31.44
4145,Teufenthal (AG),Aargau,CH,11.27,14.48
4146,Unterkulm,Aargau,CH,23.02,29.68
4147,Zetzwil,Aargau,CH,11.4,15.23
4161,Eiken,Aargau,CH,20.49,26.44
4163,Frick,Aargau,CH,39.77,50.11
4164,Gansingen,Aargau,CH,9.9,12.81
4165,Gipf-Oberfrick,Aargau,CH,21.5,28.59
4166,Herznach,Aargau,CH,12.39,16.08
4167,Hornussen,Aargau,CH,8.34,10.71
4169,Kaisten,Aargau,CH,26.73,33.39
4170,Laufenburg,Aargau,CH,29.7,36.65
4172,Münchwilen (AG),Aargau,CH,8.55,11.29
4173,Oberhof,Aargau,CH,6.53,8.16
4175,Oeschgen,Aargau,CH,8.25,10.89
4176,Schwaderloch,Aargau,CH,5.58,7.07
4177,Sisseln,Aargau,CH,13.75,17.45
4179,Ueken,Aargau,CH,6.38,8.31
4181,Wittnau,Aargau,CH,10.49,13.52
4182,Wölflinswil,Aargau,CH,10.9,13.62
4183,Zeihen,Aargau,CH,9.09,11.7
4184,Mettauertal,Aargau,CH,22.74,29.56
4191,Ammerswil,Aargau,CH,5.17,6.6
4192,Boniswil,Aargau,CH,10.06,13.08
4193,Brunegg,Aargau,CH,8.51,10.33
4194,Dintikon,Aargau,CH,17.4,22.9
4195,Egliswil,Aargau,CH,12.01,15.42
4196,Fahrwangen,Aargau,CH,13.89,18.19
4197,Hallwil,Aargau,CH,7.73,9.85
4198,Hendschiken,Aargau,CH,10.35,13.16
4199,Holderbank (AG),Aargau,CH,8.65,11.14
4200,Hunzenschwil,Aargau,CH,27.02,34.12
4201,Lenzburg,Aargau,CH,63.12,80.89
4202,Meisterschwanden,Aargau,CH,18.78,24.83
4203,Möriken-Wildegg,Aargau,CH,29.51,38.83
4204,Niederlenz,Aargau,CH,25.66,33.23
4205,Othmarsingen,Aargau,CH,18.05,23.97
4206,Rupperswil,Aargau,CH,35.84,44.94
4207,Schafisheim,Aargau,CH,33.52,40.02
4208,Seengen,Aargau,CH,24.11,31.93
4209,Seon,Aargau,CH,38.43,49.79
4210,Staufen,Aargau,CH,15.44,21.23
4221,Abtwil,Aargau,CH,6.64,8.98
4222,Aristau,Aargau,CH,14.51,18.84
4223,Auw,Aargau,CH,18.07,24.04
4224,Beinwil (Freiamt),Aargau,CH,13.62,17.54
4226,Besenbüren,Aargau,CH,5.79,7.82
4227,Bettwil,Aargau,CH,7.33,9.55
4228,Boswil,Aargau,CH,26.12,33.48
4229,Bünzen,Aargau,CH,14.38,17.74
4230,Buttwil,Aargau,CH,9.71,12.74
4231,Dietwil,Aargau,CH,9.4,13.14
4232,Geltwil,Aargau,CH,3.12,4.01
4233,Kallern,Aargau,CH,4.65,6.05
4234,Merenschwand,Aargau,CH,30.12,39.45
4235,Mühlau,Aargau,CH,10.14,13.48
4236,Muri (AG),Aargau,CH,49.39,65.69
4237,Oberrüti,Aargau,CH,11.56,15.43
4238,Rottenschwil,Aargau,CH,6.39,8.49
4239,Sins,Aargau,CH,44.87,58.35
4240,Waltenschwil,Aargau,CH,18.99,24.8
4251,Hellikon,Aargau,CH,9.01,11.66
4252,Kaiseraugst,Aargau,CH,35.15,42.73
4253,Magden,Aargau,CH,20.27,27.6
4254,Möhlin,Aargau,CH,74.72,95.35
4255,Mumpf,Aargau,CH,6.89,9.22
4256,Obermumpf,Aargau,CH,7.16,9.38
4257,Olsberg,Aargau,CH,3.73,4.89
4258,Rheinfelden,Aargau,CH,59.19,76.01
4259,Schupfart,Aargau,CH,8.02,10.21
4260,Stein (AG),Aargau,CH,23,28.67
4261,Wallbach,Aargau,CH,16.06,20.3
4262,Wegenstetten,Aargau,CH,10.81,13.5
4263,Zeiningen,Aargau,CH,17.07,22.13
4264,Zuzgen,Aargau,CH,9.16,12
4271,Aarburg,Aargau,CH,34.3,44.78
4273,Bottenwil,Aargau,CH,6.44,8.49
4274,Brittnau,Aargau,CH,28.53,37.55
4275,Kirchleerau,Aargau,CH,7.53,9.77
4276,Kölliken,Aargau,CH,36.74,46.75
4277,Moosleerau,Aargau,CH,6.79,8.91
4279,Murgenthal,Aargau,CH,22.58,29.56
4280,Oftringen,Aargau,CH,74.96,99.8
4281,Reitnau,Aargau,CH,17.28,22.16
4282,Rothrist,Aargau,CH,66.48,83.2
4283,Safenwil,Aargau,CH,28.49,37.51
4284,Staffelbach,Aargau,CH,11.89,15.47
4285,Strengelbach,Aargau,CH,24.38,32.8
4286,Uerkheim,Aargau,CH,11.16,14.52
4287,Vordemwald,Aargau,CH,13.38,17.83
4288,Wiliberg,Aargau,CH,2.01,2.56
4289,Zofingen,Aargau,CH,64.34,84.79
4301,Baldingen,Aargau,CH,3.1,3.97
4302,Böbikon,Aargau,CH,1.92,2.55
4303,Böttstein,Aargau,CH,25.66,32.85
4304,Döttingen,Aargau,CH,25.82,33.05
4305,Endingen,Aargau,CH,17.34,22.37
4306,Fisibach,Aargau,CH,6.26,7.51
4307,Full-Reuenthal,Aargau,CH,11.03,14.44
4308,Kaiserstuhl,Aargau,CH,1.9,2.14
4309,Klingnau,Aargau,CH,21.76,28.49
4310,Koblenz,Aargau,CH,11.52,14.9
4311,Leibstadt,Aargau,CH,20.06,24.05
4312,Lengnau (AG),Aargau,CH,19.88,25.76
4313,Leuggern,Aargau,CH,19.36,25.27
4314,Mellikon,Aargau,CH,3.7,4.46
4315,Rekingen (AG),Aargau,CH,8.55,10.58
4316,Rietheim,Aargau,CH,3.52,4.86
4317,Rümikon,Aargau,CH,2.18,2.83
4318,Schneisingen,Aargau,CH,12.22,16
4319,Siglistorf,Aargau,CH,4.65,6.13
4320,Tegerfelden,Aargau,CH,10.06,12.83
4322,Wislikofen,Aargau,CH,4.47,5.82
4323,Bad Zurzach,Aargau,CH,23.93,30.82
4401,Arbon,Thurgau,CH,74.07,94.71
4406,Dozwil,Thurgau,CH,5.75,7.44
4411,Egnach,Thurgau,CH,55.67,71.5
4416,Hefenhofen,Thurgau,CH,15.13,19.98
4421,Horn,Thurgau,CH,14.22,18.96
4426,Kesswil,Thurgau,CH,13.6,16.48
4431,Roggwil (TG),Thurgau,CH,27.42,35.71
4436,Romanshorn,Thurgau,CH,61.07,80.66
4441,Salmsach,Thurgau,CH,16.21,19.45
4446,Sommeri,Thurgau,CH,7.53,9.91
4451,Uttwil,Thurgau,CH,11.15,15.28
4461,Amriswil,Thurgau,CH,79.14,109.18
4471,Bischofszell,Thurgau,CH,42.14,54.96
4476,Erlen,Thurgau,CH,35.13,45.76
4486,Hauptwil-Gottshaus,Thurgau,CH,18.99,25.38
4495,Hohentannen,Thurgau,CH,9.89,13.27
4501,Kradolf-Schönenberg,Thurgau,CH,27.44,36.6
4506,Sulgen,Thurgau,CH,33.18,44.84
4511,Zihlschlacht-Sitterdorf,Thurgau,CH,25.12,33.11
4536,Basadingen-Schlattingen,Thurgau,CH,33.51,39.75
4545,Diessenhofen,Thurgau,CH,26.48,34.3
4546,Schlatt (TG),Thurgau,CH,20.23,25.32
4551,Aadorf,Thurgau,CH,61.15,82.23
4561,Felben-Wellhausen,Thurgau,CH,20.97,27.25
4566,Frauenfeld,Thurgau,CH,145.71,190.72
4571,Gachnang,Thurgau,CH,28.32,37.35
4590,Hüttlingen,Thurgau,CH,9.97,12.64
4591,Matzingen,Thurgau,CH,21.23,28.39
4601,Neunforn,Thurgau,CH,12.83,16.04
4606,Stettfurt,Thurgau,CH,11.29,15.07
4611,Thundorf,Thurgau,CH,17.04,22.43
4616,Uesslingen-Buch,Thurgau,CH,15.3,20.12
4621,Warth-Weiningen,Thurgau,CH,12.1,16.32
4641,Altnau,Thurgau,CH,17.65,23.35
4643,Bottighofen,Thurgau,CH,10.3,14.16
4646,Ermatingen,Thurgau,CH,21.62,27.91
4651,Gottlieben,Thurgau,CH,2.28,2.87
4656,Güttingen,Thurgau,CH,18.43,23.32
4666,Kemmental,Thurgau,CH,38.4,49.57
4671,Kreuzlingen,Thurgau,CH,91.2,124.58
4681,Langrickenbach,Thurgau,CH,17.18,23.14
4683,Lengwil,Thurgau,CH,18.54,24.06
4691,Münsterlingen,Thurgau,CH,18.25,24.78
4696,Tägerwilen,Thurgau,CH,43.8,53.61
4701,Wäldi,Thurgau,CH,19.74,25.31
4711,Affeltrangen,Thurgau,CH,29.87,39.28
4716,Bettwiesen,Thurgau,CH,9.57,12.81
4721,Bichelsee-Balterswil,Thurgau,CH,22.17,29.57
4723,Braunau,Thurgau,CH,9.46,12.5
4724,Eschlikon,Thurgau,CH,32.04,42.83
4726,Fischingen,Thurgau,CH,27.83,37.37
4741,Lommis,Thurgau,CH,12.69,16.95
4746,Münchwilen (TG),Thurgau,CH,34.4,45.93
4751,Rickenbach (TG),Thurgau,CH,12.59,17.43
4756,Schönholzerswilen,Thurgau,CH,13.67,17.54
4761,Sirnach,Thurgau,CH,45.45,62.59
4776,Tobel-Tägerschen,Thurgau,CH,15.22,19.92
4781,Wängi,Thurgau,CH,40.79,54.37
4786,Wilen (TG),Thurgau,CH,11.63,16.28
4791,Wuppenau,Thurgau,CH,16.08,21.18
4801,Berlingen,Thurgau,CH,4.94,6.21
4806,Eschenz,Thurgau,CH,16.96,22.13
4811,Herdern,Thurgau,CH,14.42,18.89
4816,Homburg,Thurgau,CH,27.61,36.18
4821,Hüttwilen,Thurgau,CH,22.09,29.56
4826,Mammern,Thurgau,CH,6.6,8.25
4831,Müllheim,Thurgau,CH,22.85,31.07
4841,Pfyn,Thurgau,CH,20.01,26.66
4846,Raperswilen,Thurgau,CH,8.22,10.77
4851,Salenstein,Thurgau,CH,10.18,13.19
4864,Steckborn,Thurgau,CH,21.03,27.28
4871,Wagenhausen,Thurgau,CH,18.17,23.15
4881,Amlikon-Bissegg,Thurgau,CH,21.59,27.98
4891,Berg (TG),Thurgau,CH,31.38,42.16
4901,Birwinken,Thurgau,CH,17.98,24.32
4911,Bürglen (TG),Thurgau,CH,37.58,48.16
4921,Bussnang,Thurgau,CH,29.74,38.94
4941,Märstetten,Thurgau,CH,27.71,35.9
4946,Weinfelden,Thurgau,CH,82.98,109.04
4951,Wigoltingen,Thurgau,CH,31.93,42.12
5001,Arbedo-Castione,Ticino,CH,29.29,40.2
5002,Bellinzona,Ticino,CH,272.23,378.9
5003,Cadenazzo,Ticino,CH,31.64,38.97
5009,Isone,Ticino,CH,5.74,7.86
5010,Lumino,Ticino,CH,10.32,14.49
5017,Sant'Antonino,Ticino,CH,34.83,42.15
5048,Acquarossa,Ticino,CH,23.01,33.57
5049,Blenio,Ticino,CH,28.85,40.43
5050,Serravalle,Ticino,CH,23.06,32.22
5061,Airolo,Ticino,CH,24.51,33.31
5063,Bedretto,Ticino,CH,3.76,4.52
5064,Bodio,Ticino,CH,5.75,8.27
5071,Dalpe,Ticino,CH,3.92,5.75
5072,Faido,Ticino,CH,40.34,56.35
5073,Giornico,Ticino,CH,6.74,8.7
5076,Personico,Ticino,CH,2.57,3.43
5077,Pollegio,Ticino,CH,5.02,7.35
5078,Prato (Leventina),Ticino,CH,3.6,5.09
5079,Quinto,Ticino,CH,19.83,26.16
5091,Ascona,Ticino,CH,45.89,64.98
5095,Brione (Verzasca),Ticino,CH,2.75,3.54
5096,Brione sopra Minusio,Ticino,CH,8.11,12.17
5097,Brissago,Ticino,CH,23.19,34.77
5102,Corippo,Ticino,CH,0.7,0.8
5105,Frasco,Ticino,CH,1.98,2.64
5108,Gordola,Ticino,CH,31.96,48.64
5112,Lavertezzo,Ticino,CH,13.05,18.96
5113,Locarno,Ticino,CH,86.71,123.34
5115,Losone,Ticino,CH,45.84,61.47
5117,Mergoscia,Ticino,CH,5.5,7.89
5118,Minusio,Ticino,CH,36.77,60.63
5120,Muralto,Ticino,CH,11.74,19.38
5121,Orselina,Ticino,CH,9.32,15.21
5125,Ronco sopra Ascona,Ticino,CH,11.28,16.64
5129,Sonogno,Ticino,CH,1.64,1.99
5131,Tenero-Contra,Ticino,CH,19.6,28.47
5135,Vogorno,Ticino,CH,4.97,6.63
5136,Onsernone,Ticino,CH,14.16,20.26
5138,Cugnasco-Gerra,Ticino,CH,23.74,35.62
5141,Agno,Ticino,CH,27.9,38.92
5143,Aranno,Ticino,CH,3.37,4.17
5144,Arogno,Ticino,CH,9.38,12.21
5146,Astano,Ticino,CH,4.63,6.03
5148,Bedano,Ticino,CH,14.89,19.67
5149,Bedigliora,Ticino,CH,6.24,8.31
5151,Bioggio,Ticino,CH,35.93,46.42
5154,Bissone,Ticino,CH,4.39,5.71
5160,Brusino Arsizio,Ticino,CH,4.89,6.16
5161,Cademario,Ticino,CH,7.58,11.11
5162,Cadempino,Ticino,CH,10.01,13.92
5167,Canobbio,Ticino,CH,12.77,18.45
5171,Caslano,Ticino,CH,25.4,35.76
5176,Comano,Ticino,CH,15.82,22.15
5178,Croglio,Ticino,CH,10.44,14.19
5180,Cureglia,Ticino,CH,8.94,12.88
5181,Curio,Ticino,CH,5.28,6.81
5186,Grancia,Ticino,CH,8.75,10.39
5187,Gravesano,Ticino,CH,9.33,13
5189,Lamone,Ticino,CH,14.78,20.03
5192,Lugano,Ticino,CH,277.29,402.21
5193,Magliaso,Ticino,CH,14.09,19.05
5194,Manno,Ticino,CH,19.39,25.8
5195,Maroggia,Ticino,CH,4.91,6.59
5196,Massagno,Ticino,CH,14.71,25.65
5197,Melano,Ticino,CH,8.06,10.84
5198,Melide,Ticino,CH,7.28,10.76
5199,Mezzovico-Vira,Ticino,CH,18.79,24.19
5200,Miglieglia,Ticino,CH,3.12,4.45
5202,Monteggio,Ticino,CH,12.6,17.77
5203,Morcote,Ticino,CH,8.88,11.84
5205,Muzzano,Ticino,CH,13.95,17.19
5206,Neggio,Ticino,CH,3.49,4.92
5207,Novaggio,Ticino,CH,7.93,11.07
5208,Origlio,Ticino,CH,11.2,14.13
5210,Paradiso,Ticino,CH,8.12,12.6
5212,Ponte Capriasca,Ticino,CH,10.67,14.39
5213,Ponte Tresa,Ticino,CH,4.53,7.36
5214,Porza,Ticino,CH,14,19.33
5216,Pura,Ticino,CH,11.54,16.11
5219,Rovio,Ticino,CH,6.89,9.02
5221,Savosa,Ticino,CH,11.38,16.31
5222,Sessa,Ticino,CH,8.1,11.2
5225,Sorengo,Ticino,CH,10.15,14.65
5226,Capriasca,Ticino,CH,50.6,71.6
5227,Torricella-Taverne,Ticino,CH,24.7,32.9
5230,Vernate,Ticino,CH,5.06,7.18
5231,Vezia,Ticino,CH,12.46,16.53
5233,Vico Morcote,Ticino,CH,5.06,6.79
5236,Collina d'Oro,Ticino,CH,40.04,52.74
5237,Alto Malcantone,Ticino,CH,15.23,20.65
5238,Monteceneri,Ticino,CH,40.47,53.79
5242,Balerna,Ticino,CH,44.2,59.77
5249,Castel San Pietro,Ticino,CH,22.97,30.93
5250,Chiasso,Ticino,CH,41.78,61.78
5251,Coldrerio,Ticino,CH,21.2,30.88
5254,Mendrisio,Ticino,CH,141.52,189.9
5257,Morbio Inferiore,Ticino,CH,27.44,40.64
5260,Novazzano,Ticino,CH,30.75,41.12
5263,Riva San Vitale,Ticino,CH,20.28,24.9
5266,Stabio,Ticino,CH,70.57,88.79
5268,Vacallo,Ticino,CH,16.99,27.25
5269,Breggia,Ticino,CH,21.58,29.06
5281,Biasca,Ticino,CH,39.3,51.49
5287,Riviera,Ticino,CH,30.39,40.3
5304,Bosco/Gurin,Ticino,CH,2.04,2.69
5307,Campo (Vallemaggia),Ticino,CH,3.69,4.82
5309,Cerentino,Ticino,CH,1.4,2.07
5310,Cevio,Ticino,CH,8.67,12
5315,Linescio,Ticino,CH,0.87,1.15
5317,Maggia,Ticino,CH,24.55,32.94
5323,Lavizzara,Ticino,CH,10.43,14.04
5324,Avegno Gordevio,Ticino,CH,14.06,18.48
5396,Terre di Pedemonte,Ticino,CH,20.38,28.76
5397,Centovalli,Ticino,CH,15.87,20.96
5398,Gambarogno,Ticino,CH,62.4,77.48
5401,Aigle,Vaud,CH,72.88,91.51
5402,Bex,Vaud,CH,59.14,75.91
5403,Chessel,Vaud,CH,4.68,6.08
5404,Corbeyrier,Vaud,CH,5.5,7.24
5405,Gryon,Vaud,CH,24.11,31.49
5406,Lavey-Morcles,Vaud,CH,6.65,9.1
5407,Leysin,Vaud,CH,29.89,41.8
5408,Noville,Vaud,CH,13.06,15.74
5409,Ollon,Vaud,CH,79.59,105.03
5410,Ormont-Dessous,Vaud,CH,27.79,37.25
5411,Ormont-Dessus,Vaud,CH,33.88,45.58
5412,Rennaz,Vaud,CH,12.87,14.63
5413,Roche (VD),Vaud,CH,13.67,17
5414,Villeneuve (VD),Vaud,CH,35.19,41.31
5415,Yvorne,Vaud,CH,18.95,22.29
5421,Apples,Vaud,CH,13.07,17.14
5422,Aubonne,Vaud,CH,28.25,35.89
5423,Ballens,Vaud,CH,6.44,8.23
5424,Berolle,Vaud,CH,3.79,5.01
5425,Bière,Vaud,CH,22.09,28.41
5426,Bougy-Villars,Vaud,CH,4.34,5.67
5427,Féchy,Vaud,CH,7.61,10.1
5428,Gimel,Vaud,CH,14.87,19.82
5429,Longirod,Vaud,CH,5.5,7.18
5430,Marchissy,Vaud,CH,4.69,5.89
5431,Mollens (VD),Vaud,CH,4.85,6.19
5432,Montherod,Vaud,CH,3.89,5.25
5434,Saint-George,Vaud,CH,8.51,11.27
5435,Saint-Livres,Vaud,CH,6.65,8.35
5436,Saint-Oyens,Vaud,CH,3.57,4.75
5437,Saubraz,Vaud,CH,3.33,4.61
5451,Avenches,Vaud,CH,44.1,56.35
5456,Cudrefin,Vaud,CH,19.03,24.53
5458,Faoug,Vaud,CH,7.36,9.76
5464,Vully-les-Lacs,Vaud,CH,34.71,46.3
5471,Bettens,Vaud,CH,4.84,6.55
5472,Bournens,Vaud,CH,3.8,4.97
5473,Boussens,Vaud,CH,7.17,9.39
5474,La Chaux (Cossonay),Vaud,CH,4.7,5.96
5475,Chavannes-le-Veyron,Vaud,CH,2.76,3.55
5476,Chevilly,Vaud,CH,3.49,4.49
5477,Cossonay,Vaud,CH,21.23,27.56
5478,Cottens (VD),Vaud,CH,4.5,5.85
5479,Cuarnens,Vaud,CH,6.18,7.82
5480,Daillens,Vaud,CH,13.51,16.93
5481,Dizy,Vaud,CH,3.44,4.29
5482,Eclépens,Vaud,CH,19.16,22.64
5483,Ferreyres,Vaud,CH,3.68,4.53
5484,Gollion,Vaud,CH,7.61,10.14
5485,Grancy,Vaud,CH,5.14,6.83
5486,L'Isle,Vaud,CH,11.26,14.86
5487,Lussery-Villars,Vaud,CH,4.19,5.47
5488,Mauraz,Vaud,CH,0.88,1.16
5489,Mex (VD),Vaud,CH,12.43,14.53
5490,Moiry,Vaud,CH,3.63,4.67
5491,Mont-la-Ville,Vaud,CH,5.43,7.08
5492,Montricher,Vaud,CH,11.25,14.64
5493,Orny,Vaud,CH,4.98,6.07
5494,Pampigny,Vaud,CH,11.06,14.49
5495,Penthalaz,Vaud,CH,18.12,25.03
5496,Penthaz,Vaud,CH,11.03,14.65
5497,Pompaples,Vaud,CH,5.73,7.6
5498,La Sarraz,Vaud,CH,14,18.49
5499,Senarclens,Vaud,CH,5.33,6.89
5500,Sévery,Vaud,CH,3.7,4.76
5501,Sullens,Vaud,CH,7.52,9.91
5503,Vufflens-la-Ville,Vaud,CH,11.87,15.02
5511,Assens,Vaud,CH,10.81,13.93
5512,Bercher,Vaud,CH,11.25,14.63
5513,Bioley-Orjulaz,Vaud,CH,5.38,7.01
5514,Bottens,Vaud,CH,10.41,13.61
5515,Bretigny-sur-Morrens,Vaud,CH,4.91,6.54
5516,Cugy (VD),Vaud,CH,15.73,21.66
5518,Echallens,Vaud,CH,29.15,39.45
5520,Essertines-sur-Yverdon,Vaud,CH,10.98,13.88
5521,Etagnières,Vaud,CH,9.3,12.18
5522,Fey,Vaud,CH,6.29,8.29
5523,Froideville,Vaud,CH,13.39,17.96
5527,Morrens (VD),Vaud,CH,7.32,9.54
5529,Oulens-sous-Echallens,Vaud,CH,6.45,8.56
5530,Pailly,Vaud,CH,6.7,8.59
5531,Penthéréaz,Vaud,CH,5.4,7.15
5533,Poliez-Pittet,Vaud,CH,6.72,8.85
5534,Rueyres,Vaud,CH,4.42,5.71
5535,Saint-Barthélemy (VD),Vaud,CH,6.47,8.64
5537,Villars-le-Terroir,Vaud,CH,10.16,13.49
5539,Vuarrens,Vaud,CH,10.38,13.68
5540,Montilliez,Vaud,CH,16.74,21.78
5541,Goumoëns,Vaud,CH,10.71,14.2
5551,Bonvillars,Vaud,CH,14.49,16.14
5552,Bullet,Vaud,CH,8.61,11.95
5553,Champagne,Vaud,CH,7.31,9.6
5554,Concise,Vaud,CH,7.35,9.71
5555,Corcelles-près-Concise,Vaud,CH,3.05,3.89
5556,Fiez,Vaud,CH,4.15,5.41
5557,Fontaines-sur-Grandson,Vaud,CH,2.24,2.66
5559,Giez,Vaud,CH,4.5,6.14
5560,Grandevent,Vaud,CH,2.29,3.18
5561,Grandson,Vaud,CH,21.21,28.54
5562,Mauborget,Vaud,CH,2,2.72
5563,Mutrux,Vaud,CH,2.07,2.62
5564,Novalles,Vaud,CH,1.78,2.14
5565,Onnens (VD),Vaud,CH,13.31,14.9
5566,Provence,Vaud,CH,8.1,10.19
5568,Sainte-Croix,Vaud,CH,35.05,49.9
5571,Tévenon,Vaud,CH,7.12,9.9
5581,Belmont-sur-Lausanne,Vaud,CH,14.75,19.96
5582,Cheseaux-sur-Lausanne,Vaud,CH,23.15,31.3
5583,Crissier,Vaud,CH,60.69,77.63
5584,Epalinges,Vaud,CH,37.31,53.2
5585,Jouxtens-Mézery,Vaud,CH,9.69,12.72
5586,Lausanne,Vaud,CH,326.86,461.19
5587,Le Mont-sur-Lausanne,Vaud,CH,60.32,79.52
5588,Paudex,Vaud,CH,5.56,7.59
5589,Prilly,Vaud,CH,34.08,49.88
5590,Pully,Vaud,CH,56.78,80.55
5591,Renens (VD),Vaud,CH,61.96,86.18
5592,Romanel-sur-Lausanne,Vaud,CH,21.27,27.77
5601,Chexbres,Vaud,CH,9.95,13.55
5604,Forel (Lavaux),Vaud,CH,24.98,32.75
5606,Lutry,Vaud,CH,47.38,61.09
5607,Puidoux,Vaud,CH,33.65,42.53
5609,Rivaz,Vaud,CH,1.78,2.12
5610,Saint-Saphorin (Lavaux),Vaud,CH,2.28,2.92
5611,Savigny,Vaud,CH,29.56,39.75
5613,Bourg-en-Lavaux,Vaud,CH,32.3,41.52
5621,Aclens,Vaud,CH,14.33,17.3
5622,Bremblens,Vaud,CH,5.73,7.64
5623,Buchillon,Vaud,CH,5.27,6.86
5624,Bussigny,Vaud,CH,48.99,64.55
5625,Bussy-Chardonney,Vaud,CH,4.33,5.57
5627,Chavannes-près-Renens,Vaud,CH,16.46,24.19
5628,Chigny,Vaud,CH,2.14,2.79
5629,Clarmont,Vaud,CH,2.1,2.78
5631,Denens,Vaud,CH,6.14,7.89
5632,Denges,Vaud,CH,11.11,14.33
5633,Echandens,Vaud,CH,17.52,23.71
5634,Echichens,Vaud,CH,21.74,28.47
5635,Ecublens (VD),Vaud,CH,79.54,98.98
5636,Etoy,Vaud,CH,33.84,42.57
5637,Lavigny,Vaud,CH,9.68,12.3
5638,Lonay,Vaud,CH,25.49,31.55
5639,Lully (VD),Vaud,CH,5.52,7.34
5640,Lussy-sur-Morges,Vaud,CH,4.67,6.2
5642,Morges,Vaud,CH,50.22,69.65
5643,Préverenges,Vaud,CH,19.93,27.3
5644,Reverolle,Vaud,CH,3.1,4.06
5645,Romanel-sur-Morges,Vaud,CH,6.43,8.05
5646,Saint-Prex,Vaud,CH,33.9,43.39
5648,Saint-Sulpice (VD),Vaud,CH,19.16,26.41
5649,Tolochenaz,Vaud,CH,17.53,21.97
5650,Vaux-sur-Morges,Vaud,CH,2.9,3.78
5651,Villars-Sainte-Croix,Vaud,CH,13.04,16.05
5652,Villars-sous-Yens,Vaud,CH,4.75,6.26
5653,Vufflens-le-Château,Vaud,CH,5.82,7.85
5654,Vullierens,Vaud,CH,6.99,8.77
5655,Yens,Vaud,CH,14.42,18.36
5661,Boulens,Vaud,CH,4.49,5.97
5663,Bussy-sur-Moudon,Vaud,CH,2.83,3.88
5665,Chavannes-sur-Moudon,Vaud,CH,4.33,5.4
5669,Curtilles,Vaud,CH,4.35,5.96
5671,Dompierre (VD),Vaud,CH,4.56,6.14
5673,Hermenches,Vaud,CH,4.67,6.11
5674,Lovatens,Vaud,CH,2.67,3.38
5675,Lucens,Vaud,CH,36.59,47.92
5678,Moudon,Vaud,CH,45.94,59.04
5680,Ogens,Vaud,CH,3.69,4.42
5683,Prévonloup,Vaud,CH,2.17,2.89
5684,Rossenges,Vaud,CH,1.08,1.44
5688,Syens,Vaud,CH,2.21,2.92
5690,Villars-le-Comte,Vaud,CH,2.95,3.89
5692,Vucherens,Vaud,CH,6.47,8.67
5693,Montanaire,Vaud,CH,38.46,49.97
5701,Arnex-sur-Nyon,Vaud,CH,1.9,2.54
5702,Arzier-Le Muids,Vaud,CH,19,25.66
5703,Bassins,Vaud,CH,11.08,14.75
5704,Begnins,Vaud,CH,11.38,15.31
5705,Bogis-Bossey,Vaud,CH,5.64,7.31
5706,Borex,Vaud,CH,8.18,10.19
5707,Chavannes-de-Bogis,Vaud,CH,12.7,15.67
5708,Chavannes-des-Bois,Vaud,CH,4.61,6.13
5709,Chéserex,Vaud,CH,8.71,11.36
5710,Coinsins,Vaud,CH,5.48,7.25
5711,Commugny,Vaud,CH,19.1,24.6
5712,Coppet,Vaud,CH,17.39,22.34
5713,Crans-près-Céligny,Vaud,CH,15.42,19.85
5714,Crassier,Vaud,CH,7.38,9.75
5715,Duillier,Vaud,CH,8.64,11.24
5716,Eysins,Vaud,CH,9.82,13.1
5717,Founex,Vaud,CH,25.06,32.52
5718,Genolier,Vaud,CH,15.34,19.96
5719,Gingins,Vaud,CH,10.35,13.54
5720,Givrins,Vaud,CH,8.76,11.12
5721,Gland,Vaud,CH,53.05,71.33
5722,Grens,Vaud,CH,3.52,4.51
5723,Mies,Vaud,CH,13.68,17.64
5724,Nyon,Vaud,CH,67.97,93.21
5725,Prangins,Vaud,CH,22.39,29.12
5726,La Rippe,Vaud,CH,8.94,11.71
5727,Saint-Cergue,Vaud,CH,14.13,19.71
5728,Signy-Avenex,Vaud,CH,5.2,6.55
5729,Tannay,Vaud,CH,9.98,12.89
5730,Trélex,Vaud,CH,10.93,14.23
5731,Le Vaud,Vaud,CH,9.86,13
5732,Vich,Vaud,CH,7.33,9.39
5741,L'Abergement,Vaud,CH,2.94,3.9
5742,Agiez,Vaud,CH,3.77,4.68
5743,Arnex-sur-Orbe,Vaud,CH,6.44,8.18
5744,Ballaigues,Vaud,CH,10.35,13.71
5745,Baulmes,Vaud,CH,9.64,12.63
5746,Bavois,Vaud,CH,8.43,11.03
5747,Bofflens,Vaud,CH,3.38,4
5748,Bretonnières,Vaud,CH,3.68,4.7
5749,Chavornay,Vaud,CH,38.42,49.65
5750,Les Clées,Vaud,CH,1.69,2.06
5752,Croy,Vaud,CH,2.85,3.81
5754,Juriens,Vaud,CH,4.02,5.15
5755,Lignerolle,Vaud,CH,5.56,6.86
5756,Montcherand,Vaud,CH,4.2,5.41
5757,Orbe,Vaud,CH,44.49,58.34
5758,La Praz,Vaud,CH,2.47,3.22
5759,Premier,Vaud,CH,2.89,3.83
5760,Rances,Vaud,CH,5.75,7.2
5761,Romainmôtier-Envy,Vaud,CH,4.89,5.87
5762,Sergey,Vaud,CH,1.77,2
5763,Valeyres-sous-Rances,Vaud,CH,5.8,7.48
5764,Vallorbe,Vaud,CH,23.39,30.53
5765,Vaulion,Vaud,CH,6.55,8.23
5766,Vuiteboeuf,Vaud,CH,5.2,6.9
5785,Corcelles-le-Jorat,Vaud,CH,8.16,10.43
5788,Essertes,Vaud,CH,3.83,5.04
5790,Maracon,Vaud,CH,5.64,7.61
5792,Montpreveyres,Vaud,CH,4.61,6.26
5798,Ropraz,Vaud,CH,6.02,7.71
5799,Servion,Vaud,CH,16.21,21.44
5803,Vulliens,Vaud,CH,7.28,9.84
5804,Jorat-Menthue,Vaud,CH,17.58,23.07
5805,Oron,Vaud,CH,52.28,69.92
5806,Jorat-Mézières,Vaud,CH,26.56,35.39
5812,Champtauroz,Vaud,CH,2.4,3.22
5813,Chevroux,Vaud,CH,6.62,8.66
5816,Corcelles-près-Payerne,Vaud,CH,28.54,37.31
5817,Grandcour,Vaud,CH,13.45,17.6
5819,Henniez,Vaud,CH,8.34,9.66
5821,Missy,Vaud,CH,5.68,7.61
5822,Payerne,Vaud,CH,74.89,97.43
5827,Trey,Vaud,CH,7.02,8.23
5828,Treytorrens (Payerne),Vaud,CH,2.61,3.19
5830,Villarzel,Vaud,CH,7.03,9.38
5831,Valbroye,Vaud,CH,44.73,58.57
5841,Château-d'Oex,Vaud,CH,56.08,75.55
5842,Rossinière,Vaud,CH,8.08,10.56
5843,Rougemont,Vaud,CH,25.48,34.36
5851,Allaman,Vaud,CH,9.65,11.57
5852,Bursinel,Vaud,CH,3.81,5
5853,Bursins,Vaud,CH,8.03,10.08
5854,Burtigny,Vaud,CH,4.69,6.05
5855,Dully,Vaud,CH,4.56,5.98
5856,Essertines-sur-Rolle,Vaud,CH,7.62,9.83
5857,Gilly,Vaud,CH,10.72,14.14
5858,Luins,Vaud,CH,5.68,7.24
5859,Mont-sur-Rolle,Vaud,CH,12.97,18.5
5860,Perroy,Vaud,CH,11.33,14.68
5861,Rolle,Vaud,CH,29,38.12
5862,Tartegnin,Vaud,CH,1.48,1.67
5863,Vinzel,Vaud,CH,3.55,4.26
5871,L'Abbaye,Vaud,CH,13.76,18.09
5872,Le Chenit,Vaud,CH,40.28,55.82
5873,Le Lieu,Vaud,CH,10.5,13.8
5881,Blonay,Vaud,CH,32.63,44.23
5882,Chardonne,Vaud,CH,20.52,29.1
5883,Corseaux,Vaud,CH,11.55,16.98
5884,Corsier-sur-Vevey,Vaud,CH,17.34,24.16
5885,Jongny,Vaud,CH,8.77,12.52
5886,Montreux,Vaud,CH,75.73,103.19
5888,Saint-Légier-La Chiésaz,Vaud,CH,34.93,47.36
5889,La Tour-de-Peilz,Vaud,CH,34.79,48.85
5890,Vevey,Vaud,CH,43.69,60.26
5891,Veytaux,Vaud,CH,2.73,3.57
5902,Belmont-sur-Yverdon,Vaud,CH,5.3,6.81
5903,Bioley-Magnoux,Vaud,CH,3.74,4.89
5904,Chamblon,Vaud,CH,4.95,6.45
5905,Champvent,Vaud,CH,9.45,12.02
5907,Chavannes-le-Chêne,Vaud,CH,3.95,5.33
5908,Chêne-Pâquier,Vaud,CH,1.89,2.53
5909,Cheseaux-Noréaz,Vaud,CH,6.02,7.85
5910,Cronay,Vaud,CH,5.68,7.18
5911,Cuarny,Vaud,CH,3.27,4.38
5912,Démoret,Vaud,CH,3.67,4.4
5913,Donneloye,Vaud,CH,9.7,12.52
5914,Ependes (VD),Vaud,CH,7.52,8.68
5919,Mathod,Vaud,CH,14.28,16.2
5921,Molondin,Vaud,CH,3.71,4.57
5922,Montagny-près-Yverdon,Vaud,CH,25.71,28.72
5923,Oppens,Vaud,CH,3.96,5.07
5924,Orges,Vaud,CH,3.93,5.19
5925,Orzens,Vaud,CH,3.78,4.97
5926,Pomy,Vaud,CH,9.39,11.94
5928,Rovray,Vaud,CH,3.73,4.86
5929,Suchy,Vaud,CH,6.41,8.3
5930,Suscévaz,Vaud,CH,2.53,3.39
5931,Treycovagnes,Vaud,CH,3.51,4.73
5932,Ursins,Vaud,CH,2.91,3.88
5933,Valeyres-sous-Montagny,Vaud,CH,4.71,6.42
5934,Valeyres-sous-Ursins,Vaud,CH,3.26,4.06
5935,Villars-Epeney,Vaud,CH,0.88,1.18
5937,Vugelles-La Mothe,Vaud,CH,1.6,2.16
5938,Yverdon-les-Bains,Vaud,CH,125.72,166.02
5939,Yvonand,Vaud,CH,24.04,31.13
6002,Brig-Glis,Valais,CH,77.97,103.79
6004,Eggerberg,Valais,CH,5.38,7.77
6007,Naters,Valais,CH,66.03,98.05
6008,Ried-Brig,Valais,CH,18.24,25.27
6009,Simplon,Valais,CH,7.39,10.06
6010,Termen,Valais,CH,12.38,17.03
6011,Zwischbergen,Valais,CH,1.21,1.61
6021,Ardon,Valais,CH,25.81,34.11
6022,Chamoson,Valais,CH,35.69,47.74
6023,Conthey,Valais,CH,89.66,122.02
6024,Nendaz,Valais,CH,85.14,112.34
6025,Vétroz,Valais,CH,47.86,64.43
6031,Bagnes,Valais,CH,118.45,163.34
6032,Bourg-Saint-Pierre,Valais,CH,6.4,7.32
6033,Liddes,Valais,CH,11.65,15.49
6034,Orsières,Valais,CH,36.68,48.71
6035,Sembrancher,Valais,CH,11.67,14.17
6036,Vollèges,Valais,CH,20.58,27.37
6052,Bellwald,Valais,CH,12.8,19.31
6054,Binn,Valais,CH,4.18,5.14
6056,Ernen,Valais,CH,10.49,14.47
6057,Fiesch,Valais,CH,14.1,20.74
6058,Fieschertal,Valais,CH,5.04,7.32
6061,Lax,Valais,CH,5.31,7.73
6076,Obergoms,Valais,CH,19.07,26.4
6077,Goms,Valais,CH,31.37,44.22
6082,Ayent,Valais,CH,47.9,67.32
6083,Evolène,Valais,CH,28.94,41.86
6084,Hérémence,Valais,CH,19.71,27.52
6087,Saint-Martin (VS),Valais,CH,12.68,18.26
6089,Vex,Valais,CH,23.95,33.45
6090,Mont-Noble,Valais,CH,20.51,27.53
6101,Agarn,Valais,CH,7.33,9.51
6102,Albinen,Valais,CH,7.22,9.52
6104,Ergisch,Valais,CH,4.26,5.63
6109,Inden,Valais,CH,1.95,2.72
6110,Leuk,Valais,CH,43.07,57.24
6111,Leukerbad,Valais,CH,18.25,25.75
6112,Oberems,Valais,CH,5.4,6.84
6113,Salgesch,Valais,CH,16.03,21.5
6116,Varen,Valais,CH,6.93,9.77
6117,Guttet-Feschel,Valais,CH,7.21,10.13
6118,Gampel-Bratsch,Valais,CH,19.96,28.33
6119,Turtmann-Unterems,Valais,CH,17.4,22.35
6131,Bovernier,Valais,CH,4.95,6.45
6132,Charrat,Valais,CH,22.74,28.19
6133,Fully,Valais,CH,69.66,89.08
6134,Isérables,Valais,CH,7.61,11.15
6135,Leytron,Valais,CH,36.09,49.14
6136,Martigny,Valais,CH,101.22,127.16
6137,Martigny-Combe,Valais,CH,15.41,20.97
6139,Riddes,Valais,CH,35.66,46.7
6140,Saillon,Valais,CH,28.83,35.04
6141,Saxon,Valais,CH,47.23,60.35
6142,Trient,Valais,CH,3,3.86
6151,Champéry,Valais,CH,19.43,27.17
6152,Collombey-Muraz,Valais,CH,62.82,80.89
6153,Monthey,Valais,CH,82.32,106.92
6154,Port-Valais,Valais,CH,21.42,27.76
6155,Saint-Gingolph,Valais,CH,3.95,4.83
6156,Troistorrents,Valais,CH,45.23,61.37
6157,Val-d'Illiez,Valais,CH,23.31,32.05
6158,Vionnaz,Valais,CH,18.17,23.97
6159,Vouvry,Valais,CH,30.28,38.6
6172,Bister,Valais,CH,0.95,1.19
6173,Bitsch,Valais,CH,8.16,11.43
6177,Grengiols,Valais,CH,8.61,11.08
6181,Riederalp,Valais,CH,15.82,23.48
6191,Ausserberg,Valais,CH,8.96,13.12
6192,Blatten,Valais,CH,6.78,8.84
6193,Bürchen,Valais,CH,16.37,22.74
6194,Eischoll,Valais,CH,8.72,11.59
6195,Ferden,Valais,CH,3.81,5.18
6197,Kippel,Valais,CH,4.03,5.09
6198,Niedergesteln,Valais,CH,8.38,11.35
6199,Raron,Valais,CH,21.79,29.5
6201,Unterbäch,Valais,CH,8.5,11.76
6202,Wiler (Lötschen),Valais,CH,10.13,14.78
6203,Mörel-Filet,Valais,CH,8.3,11.54
6204,Steg-Hohtenn,Valais,CH,23.78,31.71
6205,Bettmeralp,Valais,CH,16.29,25.18
6211,Collonges,Valais,CH,5.26,6.66
6212,Dorénaz,Valais,CH,7.68,9.87
6213,Evionnaz,Valais,CH,11.63,13.7
6214,Finhaut,Valais,CH,5.62,8.17
6215,Massongex,Valais,CH,10.58,13.87
6217,Saint-Maurice,Valais,CH,24,29.1
6218,Salvan,Valais,CH,13.68,19.11
6219,Vernayaz,Valais,CH,11.81,14.66
6220,Vérossaz,Valais,CH,5.52,7.45
6232,Chalais,Valais,CH,34.77,46.23
6235,Chippis,Valais,CH,10.37,13.63
6238,Grône,Valais,CH,20.7,26.91
6239,Icogne,Valais,CH,8.84,11.75
6240,Lens,Valais,CH,50.56,70.23
6241,Miège,Valais,CH,9.63,13.64
6246,Saint-Léonard,Valais,CH,15.51,21.88
6248,Sierre,Valais,CH,120.99,163.61
6249,Venthône,Valais,CH,11.59,15.35
6250,Veyras,Valais,CH,11.03,15.64
6252,Anniviers,Valais,CH,52.85,74.94
6253,Crans-Montana,Valais,CH,111.12,158.52
6261,Arbaz,Valais,CH,18.08,24.83
6263,Grimisuat,Valais,CH,26.48,37.28
6265,Savièse,Valais,CH,74.76,103.23
6266,Sion,Valais,CH,205.01,282.35
6267,Veysonnaz,Valais,CH,6.86,8.96
6281,Baltschieder,Valais,CH,9.31,13.47
6282,Eisten,Valais,CH,1.59,2.25
6283,Embd,Valais,CH,4.05,6.16
6285,Grächen,Valais,CH,19.93,28.27
6286,Lalden,Valais,CH,7.9,10.52
6287,Randa,Valais,CH,4.73,6.96
6288,Saas-Almagell,Valais,CH,4.38,6.18
6289,Saas-Balen,Valais,CH,4.73,6.6
6290,Saas-Fee,Valais,CH,21.7,32.49
6291,Saas-Grund,Valais,CH,11.28,16.97
6292,St. Niklaus,Valais,CH,21.02,29.26
6293,Stalden (VS),Valais,CH,8.56,11.5
6294,Staldenried,Valais,CH,5.28,7.68
6295,Täsch,Valais,CH,10.03,13.02
6296,Törbel,Valais,CH,9.75,13.95
6297,Visp,Valais,CH,59.22,76.06
6298,Visperterminen,Valais,CH,15.11,20.73
6299,Zeneggen,Valais,CH,5.72,8.38
6300,Zermatt,Valais,CH,51.59,73.93
6404,Boudry,Neuchâtel,CH,28.46,38.72
6407,Corcelles-Cormondrèche,Neuchâtel,CH,21.42,29.59
6408,Cortaillod,Neuchâtel,CH,27.24,35.17
6412,Peseux,Neuchâtel,CH,16.33,23.81
6413,Rochefort,Neuchâtel,CH,10.8,15
6416,Milvignes,Neuchâtel,CH,43.11,58.69
6417,La Grande-Béroche,Neuchâtel,CH,55.44,75.55
6421,La Chaux-de-Fonds,Neuchâtel,CH,156.37,226.46
6422,Les Planchettes,Neuchâtel,CH,3.11,4.13
6423,La Sagne,Neuchâtel,CH,13.08,17.58
6431,Les Brenets,Neuchâtel,CH,8.56,11.83
6432,La Brévine,Neuchâtel,CH,16.04,21.89
6433,Brot-Plamboz,Neuchâtel,CH,7.21,9.31
6434,Le Cerneux-Péquignot,Neuchâtel,CH,6.61,8.89
6435,La Chaux-du-Milieu,Neuchâtel,CH,8.56,11.26
6436,Le Locle,Neuchâtel,CH,50.54,73.26
6437,Les Ponts-de-Martel,Neuchâtel,CH,14.69,20.75
6451,Cornaux,Neuchâtel,CH,13.47,17.27
6452,Cressier (NE),Neuchâtel,CH,20.33,24.83
6453,Enges,Neuchâtel,CH,2.83,3.76
6454,Hauterive (NE),Neuchâtel,CH,8.31,12.23
6455,Le Landeron,Neuchâtel,CH,23.97,30.96
6456,Lignières,Neuchâtel,CH,11.8,15.22
6458,Neuchâtel,Neuchâtel,CH,102.4,147.66
6459,Saint-Blaise,Neuchâtel,CH,16.56,21.68
6461,La Tène,Neuchâtel,CH,34.96,42.36
6485,Valangin,Neuchâtel,CH,3.09,3.86
6487,Val-de-Ruz,Neuchâtel,CH,123.51,168.73
6504,La Côte-aux-Fées,Neuchâtel,CH,8.04,11.14
6511,Les Verrières,Neuchâtel,CH,13.62,18.53
6512,Val-de-Travers,Neuchâtel,CH,100.35,135.33
6601,Aire-la-Ville,Genève,CH,8.84,10.69
6602,Anières,Genève,CH,14.43,17.64
6603,Avully,Genève,CH,8.73,10.8
6604,Avusy,Genève,CH,9.55,11.75
6605,Bardonnex,Genève,CH,15.48,18.61
6606,Bellevue,Genève,CH,14.99,18.75
6607,Bernex,Genève,CH,56.14,67.16
6608,Carouge (GE),Genève,CH,60.47,76.55
6609,Cartigny,Genève,CH,7.9,9.44
6610,Céligny,Genève,CH,5.97,7.32
6611,Chancy,Genève,CH,7.54,9.5
6612,Chêne-Bougeries,Genève,CH,37.86,49.77
6613,Chêne-Bourg,Genève,CH,20.68,27.18
6614,Choulex,Genève,CH,8.77,11
6615,Collex-Bossy,Genève,CH,10.56,13.29
6616,Collonge-Bellerive,Genève,CH,47.27,57.91
6617,Cologny,Genève,CH,28.33,35.28
6618,Confignon,Genève,CH,19.62,25.1
6619,Corsier (GE),Genève,CH,12.34,14.89
6620,Dardagny,Genève,CH,12.3,15.45
6621,Genève,Genève,CH,320.66,423.23
6622,Genthod,Genève,CH,15.25,18.68
6623,Le Grand-Saconnex,Genève,CH,57.1,68.96
6624,Gy,Genève,CH,4.47,5.71
6625,Hermance,Genève,CH,5.08,5.81
6626,Jussy,Genève,CH,15.64,18.76
6627,Laconnex,Genève,CH,4.67,5.8
6628,Lancy,Genève,CH,81.09,106.99
6629,Meinier,Genève,CH,14.77,18.38
6630,Meyrin,Genève,CH,114.86,145.77
6631,Onex,Genève,CH,31.27,45.6
6632,Perly-Certoux,Genève,CH,23.2,26.34
6633,Plan-les-Ouates,Genève,CH,69.1,85.53
6634,Pregny-Chambésy,Genève,CH,20.96,26.41
6635,Presinge,Genève,CH,5.38,6.69
6636,Puplinge,Genève,CH,12.23,15.16
6637,Russin,Genève,CH,5.78,7.32
6638,Satigny,Genève,CH,71.67,85.59
6639,Soral,Genève,CH,4.8,5.89
6640,Thônex,Genève,CH,48.08,61.14
6641,Troinex,Genève,CH,29.19,32.12
6642,Vandoeuvres,Genève,CH,18.54,23.23
6643,Vernier,Genève,CH,108.9,138.95
6644,Versoix,Genève,CH,36.68,47.17
6645,Veyrier,Genève,CH,52.6,62.91
6702,Boécourt,Jura,CH,10.06,13.45
6703,Bourrignon,Jura,CH,7.04,8.57
6704,Châtillon (JU),Jura,CH,4.05,5.26
6706,Courchapoix,Jura,CH,5.09,6.69
6708,Courrendlin,Jura,CH,26.14,34.66
6709,Courroux,Jura,CH,26.36,34.95
6710,Courtételle,Jura,CH,19.51,26.17
6711,Delémont,Jura,CH,82.03,110.06
6712,Develier,Jura,CH,16.13,21.29
6713,Ederswiler,Jura,CH,2.97,3.76
6715,Mervelier,Jura,CH,5.55,7.41
6716,Mettembert,Jura,CH,1.67,2.24
6718,Movelier,Jura,CH,6.29,8.23
6719,Pleigne,Jura,CH,8.29,10.67
6721,Rossemaison,Jura,CH,5.69,7.52
6722,Saulcy,Jura,CH,4.34,5.69
6724,Soyhières,Jura,CH,3.39,4.65
6729,Haute-Sorne,Jura,CH,64.32,84.23
6730,Val Terbi,Jura,CH,32.88,43.18
6741,Le Bémont (JU),Jura,CH,7.43,9.49
6742,Les Bois,Jura,CH,13.9,19.11
6743,Les Breuleux,Jura,CH,15.52,21.26
6744,La Chaux-des-Breuleux,Jura,CH,2.22,2.7
6745,Les Enfers,Jura,CH,3.21,4.04
6748,Les Genevez (JU),Jura,CH,8.62,11.22
6750,Lajoux (JU),Jura,CH,10.16,13.14
6751,Montfaucon,Jura,CH,10.89,14.2
6753,Muriaux,Jura,CH,10.44,13.39
6754,Le Noirmont,Jura,CH,18.64,24.51
6757,Saignelégier,Jura,CH,26.86,35.18
6758,Saint-Brais,Jura,CH,4.92,6.48
6759,Soubey,Jura,CH,3.12,4.2
6771,Alle,Jura,CH,24.19,30.45
6773,Beurnevésin,Jura,CH,3.46,4.4
6774,Boncourt,Jura,CH,22.11,27.97
6775,Bonfol,Jura,CH,12.39,15.98
6778,Bure,Jura,CH,14.68,19.07
6781,Coeuve,Jura,CH,9.82,12.43
6782,Cornol,Jura,CH,11.31,14.53
6783,Courchavon,Jura,CH,4.26,5.55
6784,Courgenay,Jura,CH,31.19,39.8
6785,Courtedoux,Jura,CH,8.04,10.65
6787,Damphreux,Jura,CH,4.16,5.42
6789,Fahy,Jura,CH,9.31,11.52
6790,Fontenais,Jura,CH,17.28,22.85
6792,Grandfontaine,Jura,CH,7.96,10.4
6793,Lugnez,Jura,CH,3.85,4.92
6800,Porrentruy,Jura,CH,49.44,66.65
6806,Vendlincourt,Jura,CH,8.83,11.61
6807,Basse-Allaine,Jura,CH,18.64,24.7
6808,Clos du Doubs,Jura,CH,21.19,27.37
6809,Haute-Ajoie,Jura,CH,26.39,33.19
6810,La Baroche,Jura,CH,21.23,27.17
7001,Vaduz,,LI,35.51,47.46
7002,Triesen,,LI,29.8,38.71
7003,Balzers,,LI,27.77,39.11
7004,Triesenberg,,LI,20.21,30.73
7005,Schaan,,LI,45.51,58.48
7006,Planken,,LI,2.1,2.88
7007,Eschen,,LI,34.46,46.75
7008,Mauren,,LI,27.01,38.29
7009,Gamprin,,LI,17.15,22.63
7010,Ruggell,,LI,17.59,25.21
7011,Schellenberg,,LI,6.71,9.55
